date,status,value
2021-04-10T18:15Z,200,7839
2021-04-10T18:15Z,304,3300
2021-04-10T18:15Z,404,1634
2021-04-10T18:15Z,302,208
2021-04-10T18:30Z,200,8707
2021-04-10T18:30Z,304,2648
2021-04-10T18:30Z,404,2473
2021-04-10T18:30Z,499,343
2021-04-10T18:45Z,200,7288
2021-04-10T18:45Z,304,2770
2021-04-10T18:45Z,404,1898
2021-04-10T18:45Z,302,276
2021-04-10T19:00Z,200,7149
2021-04-10T19:00Z,304,2885
2021-04-10T19:00Z,404,1209
2021-04-10T19:15Z,200,8644
2021-04-10T19:15Z,304,3323
2021-04-10T19:15Z,404,960
2021-04-10T19:30Z,200,7241
2021-04-10T19:30Z,304,3707
2021-04-10T19:30Z,404,1061
2021-04-10T19:45Z,200,9094
2021-04-10T19:45Z,304,3085
2021-04-10T19:45Z,404,1308
2021-04-10T20:00Z,200,6710
2021-04-10T20:00Z,304,2828
2021-04-10T20:00Z,404,577
2021-04-10T20:00Z,302,501
2021-04-10T20:15Z,200,7892
2021-04-10T20:15Z,304,3427
2021-04-10T20:15Z,404,1593
2021-04-10T20:15Z,500,334
2021-04-10T20:30Z,200,8767
2021-04-10T20:30Z,304,3023
2021-04-10T20:30Z,404,1707
2021-04-10T20:30Z,499,524
2021-04-10T20:45Z,200,7150
2021-04-10T20:45Z,304,3048
2021-04-10T20:45Z,404,1692
2021-04-10T21:00Z,200,6883
2021-04-10T21:00Z,304,4010
2021-04-10T21:00Z,404,1661
2021-04-10T21:15Z,200,8932
2021-04-10T21:15Z,304,4259
2021-04-10T21:15Z,404,499
2021-04-10T21:15Z,302,839
2021-04-10T21:30Z,200,7373
2021-04-10T21:30Z,304,4373
2021-04-10T21:30Z,404,947
2021-04-10T21:45Z,200,7028
2021-04-10T21:45Z,304,4234
2021-04-10T21:45Z,404,993
2021-04-10T21:45Z,302,375
2021-04-10T22:00Z,200,7302
2021-04-10T22:00Z,304,3786
2021-04-10T22:00Z,404,1177
2021-04-10T22:00Z,302,33
2021-04-10T22:15Z,200,6630
2021-04-10T22:15Z,304,4421
2021-04-10T22:15Z,404,287
2021-04-10T22:15Z,302,763
2021-04-10T22:30Z,200,7027
2021-04-10T22:30Z,304,2521
2021-04-10T22:30Z,404,913
2021-04-10T22:30Z,302,829
2021-04-10T22:30Z,499,863
2021-04-10T22:45Z,200,6703
2021-04-10T22:45Z,304,3187
2021-04-10T22:45Z,404,1403
2021-04-10T23:00Z,200,7057
2021-04-10T23:00Z,304,3392
2021-04-10T23:00Z,404,2272
2021-04-10T23:00Z,499,822
2021-04-10T23:15Z,200,8231
2021-04-10T23:15Z,304,3505
2021-04-10T23:15Z,404,1471
2021-04-10T23:30Z,200,6784
2021-04-10T23:30Z,304,2488
2021-04-10T23:30Z,404,1410
2021-04-10T23:45Z,200,5866
2021-04-10T23:45Z,304,3608
2021-04-10T23:45Z,404,1335
2021-04-11,200,6805
2021-04-11,304,3139
2021-04-11,404,803
2021-04-11T00:15Z,200,5985
2021-04-11T00:15Z,304,3049
2021-04-11T00:15Z,404,995
2021-04-11T00:15Z,302,401
2021-04-11T00:30Z,200,5686
2021-04-11T00:30Z,304,2644
2021-04-11T00:30Z,404,1424
2021-04-11T00:30Z,302,971
2021-04-11T00:45Z,200,6550
2021-04-11T00:45Z,304,2648
2021-04-11T00:45Z,404,1398
2021-04-11T00:45Z,302,283
2021-04-11T01:00Z,200,6593
2021-04-11T01:00Z,304,3390
2021-04-11T01:00Z,404,1936
2021-04-11T01:15Z,200,5940
2021-04-11T01:15Z,304,2592
2021-04-11T01:15Z,404,1445
2021-04-11T01:30Z,200,5382
2021-04-11T01:30Z,304,2440
2021-04-11T01:30Z,404,877
2021-04-11T01:45Z,200,8752
2021-04-11T01:45Z,304,2916
2021-04-11T01:45Z,404,1887
2021-04-11T02:00Z,200,8266
2021-04-11T02:00Z,304,3281
2021-04-11T02:00Z,404,1258
2021-04-11T02:00Z,499,371
2021-04-11T02:15Z,200,7812
2021-04-11T02:15Z,304,3592
2021-04-11T02:15Z,404,3363
2021-04-11T02:30Z,200,5795
2021-04-11T02:30Z,304,3029
2021-04-11T02:30Z,404,1702
2021-04-11T02:45Z,200,5938
2021-04-11T02:45Z,304,3763
2021-04-11T02:45Z,404,1299
2021-04-11T03:00Z,200,7229
2021-04-11T03:00Z,304,2909
2021-04-11T03:00Z,404,625
2021-04-11T03:15Z,200,6194
2021-04-11T03:15Z,304,2999
2021-04-11T03:15Z,404,673
2021-04-11T03:30Z,200,5799
2021-04-11T03:30Z,304,3038
2021-04-11T03:30Z,404,405
2021-04-11T03:45Z,200,5626
2021-04-11T03:45Z,304,2808
2021-04-11T03:45Z,404,1005
2021-04-11T04:00Z,200,6687
2021-04-11T04:00Z,304,2654
2021-04-11T04:00Z,404,525
2021-04-11T04:15Z,200,5519
2021-04-11T04:15Z,304,2983
2021-04-11T04:15Z,404,1059
2021-04-11T04:30Z,200,4645
2021-04-11T04:30Z,304,2805
2021-04-11T04:30Z,404,935
2021-04-11T04:45Z,200,4737
2021-04-11T04:45Z,304,2826
2021-04-11T04:45Z,404,1094
2021-04-11T04:45Z,403,274
2021-04-11T05:00Z,200,5443
2021-04-11T05:00Z,304,2857
2021-04-11T05:00Z,404,1228
2021-04-11T05:15Z,200,5686
2021-04-11T05:15Z,304,2360
2021-04-11T05:15Z,404,636
2021-04-11T05:30Z,200,5164
2021-04-11T05:30Z,304,2752
2021-04-11T05:30Z,404,405
2021-04-11T05:45Z,200,5023
2021-04-11T05:45Z,304,2666
2021-04-11T05:45Z,404,613
2021-04-11T06:00Z,200,6526
2021-04-11T06:00Z,304,2347
2021-04-11T06:00Z,404,1237
2021-04-11T06:15Z,200,5401
2021-04-11T06:15Z,304,2753
2021-04-11T06:15Z,404,625
2021-04-11T06:30Z,200,5778
2021-04-11T06:30Z,304,2949
2021-04-11T06:30Z,404,293
2021-04-11T06:30Z,302,171
2021-04-11T06:45Z,200,5724
2021-04-11T06:45Z,304,3107
2021-04-11T06:45Z,404,522
2021-04-11T07:00Z,200,5407
2021-04-11T07:00Z,304,2885
2021-04-11T07:00Z,404,554
2021-04-11T07:00Z,302,611
2021-04-11T07:15Z,200,5047
2021-04-11T07:15Z,304,3311
2021-04-11T07:15Z,404,156
2021-04-11T07:30Z,200,4759
2021-04-11T07:30Z,304,3096
2021-04-11T07:30Z,404,952
2021-04-11T07:45Z,200,6035
2021-04-11T07:45Z,304,3275
2021-04-11T07:45Z,404,643
2021-04-11T08:00Z,200,4998
2021-04-11T08:00Z,304,3183
2021-04-11T08:00Z,404,190
2021-04-11T08:15Z,200,5261
2021-04-11T08:15Z,304,2870
2021-04-11T08:15Z,404,1023
2021-04-11T08:30Z,200,5675
2021-04-11T08:30Z,304,2665
2021-04-11T08:30Z,404,437
2021-04-11T08:45Z,200,6257
2021-04-11T08:45Z,304,3095
2021-04-11T08:45Z,404,1045
2021-04-11T08:45Z,302,899
2021-04-11T09:00Z,200,5163
2021-04-11T09:00Z,304,2609
2021-04-11T09:00Z,404,690
2021-04-11T09:15Z,200,5653
2021-04-11T09:15Z,304,2861
2021-04-11T09:15Z,404,1018
2021-04-11T09:30Z,200,5029
2021-04-11T09:30Z,304,3559
2021-04-11T09:30Z,404,526
2021-04-11T09:45Z,200,6433
2021-04-11T09:45Z,304,2760
2021-04-11T09:45Z,404,475
2021-04-11T10:00Z,200,7347
2021-04-11T10:00Z,304,3722
2021-04-11T10:00Z,404,1132
2021-04-11T10:15Z,200,6678
2021-04-11T10:15Z,304,3187
2021-04-11T10:15Z,404,965
2021-04-11T10:15Z,500,146
2021-04-11T10:30Z,200,10746
2021-04-11T10:30Z,304,3547
2021-04-11T10:30Z,404,1513
2021-04-11T10:45Z,200,8291
2021-04-11T10:45Z,304,3623
2021-04-11T10:45Z,404,718
2021-04-11T11:00Z,200,8972
2021-04-11T11:00Z,304,4180
2021-04-11T11:00Z,404,1008
2021-04-11T11:15Z,200,8310
2021-04-11T11:15Z,304,3456
2021-04-11T11:15Z,404,1068
2021-04-11T11:30Z,200,8737
2021-04-11T11:30Z,304,3456
2021-04-11T11:30Z,404,1337
2021-04-11T11:45Z,200,8240
2021-04-11T11:45Z,304,2944
2021-04-11T11:45Z,404,1766
2021-04-11T12:00Z,200,7600
2021-04-11T12:00Z,304,3317
2021-04-11T12:00Z,404,776
2021-04-11T12:00Z,302,748
2021-04-11T12:15Z,200,8163
2021-04-11T12:15Z,304,3350
2021-04-11T12:15Z,404,331
2021-04-11T12:30Z,200,7679
2021-04-11T12:30Z,304,3061
2021-04-11T12:30Z,404,774
2021-04-11T12:30Z,499,468
2021-04-11T12:45Z,200,7926
2021-04-11T12:45Z,304,2767
2021-04-11T12:45Z,404,966
2021-04-11T13:00Z,200,8989
2021-04-11T13:00Z,304,2730
2021-04-11T13:00Z,404,2234
2021-04-11T13:00Z,401,26
2021-04-11T13:00Z,500,844
2021-04-11T13:15Z,200,8853
2021-04-11T13:15Z,304,3710
2021-04-11T13:15Z,404,792
2021-04-11T13:30Z,200,9402
2021-04-11T13:30Z,304,4569
2021-04-11T13:30Z,404,1472
2021-04-11T13:30Z,302,539
2021-04-11T13:45Z,200,10639
2021-04-11T13:45Z,304,3922
2021-04-11T13:45Z,404,1913
2021-04-11T13:45Z,499,386
2021-04-11T14:00Z,200,8558
2021-04-11T14:00Z,304,3490
2021-04-11T14:00Z,404,945
2021-04-11T14:15Z,200,8836
2021-04-11T14:15Z,304,4528
2021-04-11T14:15Z,404,893
2021-04-11T14:30Z,200,9674
2021-04-11T14:30Z,304,3775
2021-04-11T14:30Z,404,1773
2021-04-11T14:45Z,200,9134
2021-04-11T14:45Z,304,3407
2021-04-11T14:45Z,404,1229
2021-04-11T14:45Z,500,384
2021-04-11T15:00Z,200,9902
2021-04-11T15:00Z,304,3573
2021-04-11T15:00Z,404,1254
2021-04-11T15:00Z,499,507
2021-04-11T15:15Z,200,10985
2021-04-11T15:15Z,304,3621
2021-04-11T15:15Z,404,1394
2021-04-11T15:15Z,302,900
2021-04-11T15:30Z,200,9687
2021-04-11T15:30Z,304,3920
2021-04-11T15:30Z,404,1204
2021-04-11T15:30Z,302,908
2021-04-11T15:45Z,200,8025
2021-04-11T15:45Z,304,2984
2021-04-11T15:45Z,404,1462
2021-04-11T15:45Z,302,397
2021-04-11T16:00Z,200,8855
2021-04-11T16:00Z,304,3667
2021-04-11T16:00Z,404,1488
2021-04-11T16:15Z,200,10062
2021-04-11T16:15Z,304,3478
2021-04-11T16:15Z,404,2225
2021-04-11T16:30Z,200,11865
2021-04-11T16:30Z,304,4076
2021-04-11T16:30Z,404,3470
2021-04-11T16:30Z,499,868
2021-04-11T16:45Z,200,9285
2021-04-11T16:45Z,304,3215
2021-04-11T16:45Z,404,2226
2021-04-11T17:00Z,200,9812
2021-04-11T17:00Z,304,3989
2021-04-11T17:00Z,404,2086
2021-04-11T17:15Z,200,10051
2021-04-11T17:15Z,304,4703
2021-04-11T17:15Z,404,1598
2021-04-11T17:30Z,200,9822
2021-04-11T17:30Z,304,4485
2021-04-11T17:30Z,404,1606
2021-04-11T17:45Z,200,10727
2021-04-11T17:45Z,304,3413
2021-04-11T17:45Z,404,2303
2021-04-11T18:00Z,200,10148
2021-04-11T18:00Z,304,3085
2021-04-11T18:00Z,404,2283
2021-04-11T18:00Z,499,835
2021-04-11T18:15Z,200,10510
2021-04-11T18:15Z,304,4460
2021-04-11T18:15Z,404,1884
2021-04-11T18:30Z,200,10113
2021-04-11T18:30Z,304,3974
2021-04-11T18:30Z,404,1730
2021-04-11T18:30Z,302,330
2021-04-11T18:45Z,200,12610
2021-04-11T18:45Z,304,3928
2021-04-11T18:45Z,404,865
2021-04-11T19:00Z,200,10726
2021-04-11T19:00Z,304,4941
2021-04-11T19:00Z,404,691
2021-04-11T19:00Z,403,34
2021-04-11T19:00Z,499,96
2021-04-11T19:15Z,200,9720
2021-04-11T19:15Z,304,4236
2021-04-11T19:15Z,404,1799
2021-04-11T19:15Z,302,16
2021-04-11T19:15Z,403,187
2021-04-11T19:30Z,200,8292
2021-04-11T19:30Z,304,3384
2021-04-11T19:30Z,404,328
2021-04-11T19:30Z,302,686
2021-04-11T19:30Z,499,280
2021-04-11T19:45Z,200,7795
2021-04-11T19:45Z,304,3713
2021-04-11T19:45Z,404,974
2021-04-11T20:00Z,200,9169
2021-04-11T20:00Z,304,4172
2021-04-11T20:00Z,404,1383
2021-04-11T20:00Z,302,818
2021-04-11T20:15Z,200,8301
2021-04-11T20:15Z,304,3693
2021-04-11T20:15Z,404,2117
2021-04-11T20:15Z,302,417
2021-04-11T20:30Z,200,10035
2021-04-11T20:30Z,304,3822
2021-04-11T20:30Z,404,1979
2021-04-11T20:30Z,302,967
2021-04-11T20:45Z,200,12612
2021-04-11T20:45Z,304,4121
2021-04-11T20:45Z,404,1779
2021-04-11T20:45Z,302,982
2021-04-11T21:00Z,200,9347
2021-04-11T21:00Z,304,3537
2021-04-11T21:00Z,404,1382
2021-04-11T21:00Z,500,879
2021-04-11T21:00Z,302,968
2021-04-11T21:15Z,200,8939
2021-04-11T21:15Z,304,3712
2021-04-11T21:15Z,404,1530
2021-04-11T21:30Z,200,8166
2021-04-11T21:30Z,304,3365
2021-04-11T21:30Z,404,1260
2021-04-11T21:45Z,200,8821
2021-04-11T21:45Z,304,4189
2021-04-11T21:45Z,404,1573
2021-04-11T21:45Z,302,431
2021-04-11T22:00Z,200,7531
2021-04-11T22:00Z,304,3688
2021-04-11T22:00Z,404,1432
2021-04-11T22:15Z,200,8181
2021-04-11T22:15Z,304,3237
2021-04-11T22:15Z,404,1398
2021-04-11T22:15Z,302,701
2021-04-11T22:30Z,200,8388
2021-04-11T22:30Z,304,3503
2021-04-11T22:30Z,404,1942
2021-04-11T22:45Z,200,7297
2021-04-11T22:45Z,304,3182
2021-04-11T22:45Z,404,2103
2021-04-11T22:45Z,499,801
2021-04-11T23:00Z,200,7588
2021-04-11T23:00Z,404,4963
2021-04-11T23:00Z,304,3211
2021-04-11T23:00Z,302,58
2021-04-11T23:00Z,500,581
2021-04-11T23:15Z,200,7210
2021-04-11T23:15Z,304,3070
2021-04-11T23:15Z,404,1063
2021-04-11T23:30Z,200,7597
2021-04-11T23:30Z,304,3354
2021-04-11T23:30Z,404,2022
2021-04-11T23:45Z,200,6566
2021-04-11T23:45Z,304,2792
2021-04-11T23:45Z,404,949
2021-04-11T23:45Z,302,463
2021-04-12,200,6732
2021-04-12,304,3865
2021-04-12,404,1233
2021-04-12T00:15Z,200,8394
2021-04-12T00:15Z,304,3198
2021-04-12T00:15Z,404,1728
2021-04-12T00:15Z,499,871
2021-04-12T00:30Z,200,8110
2021-04-12T00:30Z,304,3816
2021-04-12T00:30Z,404,905
2021-04-12T00:30Z,302,826
2021-04-12T00:45Z,200,7915
2021-04-12T00:45Z,304,3942
2021-04-12T00:45Z,404,1005
2021-04-12T00:45Z,302,729
2021-04-12T01:00Z,200,9568
2021-04-12T01:00Z,304,3862
2021-04-12T01:00Z,404,1024
2021-04-12T01:00Z,499,209
2021-04-12T01:15Z,200,8607
2021-04-12T01:15Z,304,4005
2021-04-12T01:15Z,404,1950
2021-04-12T01:30Z,200,7727
2021-04-12T01:30Z,304,3787
2021-04-12T01:30Z,404,1005
2021-04-12T01:45Z,200,8064
2021-04-12T01:45Z,304,3249
2021-04-12T01:45Z,404,1403
2021-04-12T02:00Z,200,8553
2021-04-12T02:00Z,304,4424
2021-04-12T02:00Z,404,973
2021-04-12T02:15Z,200,8774
2021-04-12T02:15Z,304,4711
2021-04-12T02:15Z,404,1495
2021-04-12T02:30Z,200,8326
2021-04-12T02:30Z,304,5304
2021-04-12T02:30Z,404,603
2021-04-12T02:45Z,200,9356
2021-04-12T02:45Z,304,6052
2021-04-12T02:45Z,404,494
2021-04-12T03:00Z,200,7777
2021-04-12T03:00Z,304,4188
2021-04-12T03:00Z,404,442
2021-04-12T03:00Z,302,537
2021-04-12T03:15Z,200,7080
2021-04-12T03:15Z,304,3624
2021-04-12T03:15Z,404,1267
2021-04-12T03:30Z,200,6541
2021-04-12T03:30Z,304,3565
2021-04-12T03:30Z,404,2106
2021-04-12T03:30Z,302,605
2021-04-12T03:45Z,200,11559
2021-04-12T03:45Z,304,3298
2021-04-12T03:45Z,404,478
2021-04-12T03:45Z,302,712
2021-04-12T04:00Z,200,9712
2021-04-12T04:00Z,304,4017
2021-04-12T04:00Z,404,687
2021-04-12T04:00Z,500,227
2021-04-12T04:15Z,200,8470
2021-04-12T04:15Z,304,3830
2021-04-12T04:15Z,404,960
2021-04-12T04:15Z,302,613
2021-04-12T04:30Z,200,6826
2021-04-12T04:30Z,304,3501
2021-04-12T04:30Z,404,169
2021-04-12T04:30Z,500,327
2021-04-12T04:45Z,200,5717
2021-04-12T04:45Z,304,3586
2021-04-12T04:45Z,404,973
2021-04-12T05:00Z,200,6038
2021-04-12T05:00Z,304,3451
2021-04-12T05:00Z,404,284
2021-04-12T05:15Z,200,6653
2021-04-12T05:15Z,304,3215
2021-04-12T05:15Z,404,1068
2021-04-12T05:15Z,500,867
2021-04-12T05:30Z,200,12007
2021-04-12T05:30Z,304,3691
2021-04-12T05:30Z,404,1204
2021-04-12T05:30Z,302,516
2021-04-12T05:45Z,200,7816
2021-04-12T05:45Z,304,3813
2021-04-12T05:45Z,404,349
2021-04-12T06:00Z,200,6113
2021-04-12T06:00Z,304,3720
2021-04-12T06:00Z,404,1012
2021-04-12T06:15Z,200,7017
2021-04-12T06:15Z,304,4061
2021-04-12T06:15Z,404,1064
2021-04-12T06:30Z,200,6465
2021-04-12T06:30Z,304,4512
2021-04-12T06:30Z,404,478
2021-04-12T06:45Z,200,7441
2021-04-12T06:45Z,304,5483
2021-04-12T06:45Z,404,1443
2021-04-12T07:00Z,200,6575
2021-04-12T07:00Z,304,5203
2021-04-12T07:00Z,404,1025
2021-04-12T07:15Z,200,10149
2021-04-12T07:15Z,304,5291
2021-04-12T07:15Z,404,976
2021-04-12T07:30Z,200,9060
2021-04-12T07:30Z,304,5580
2021-04-12T07:30Z,404,404
2021-04-12T07:45Z,200,9259
2021-04-12T07:45Z,304,5489
2021-04-12T07:45Z,404,965
2021-04-12T08:00Z,200,7246
2021-04-12T08:00Z,304,5719
2021-04-12T08:00Z,404,1873
2021-04-12T08:15Z,200,8213
2021-04-12T08:15Z,304,5467
2021-04-12T08:15Z,404,605
2021-04-12T08:15Z,500,178
2021-04-12T08:15Z,302,851
2021-04-12T08:30Z,200,8686
2021-04-12T08:30Z,304,4697
2021-04-12T08:30Z,404,1516
2021-04-12T08:30Z,403,417
2021-04-12T08:30Z,302,787
2021-04-12T08:45Z,200,7923
2021-04-12T08:45Z,304,5325
2021-04-12T08:45Z,404,763
2021-04-12T09:00Z,200,7957
2021-04-12T09:00Z,304,6092
2021-04-12T09:00Z,404,665
2021-04-12T09:15Z,200,8753
2021-04-12T09:15Z,304,4918
2021-04-12T09:15Z,404,923
2021-04-12T09:15Z,302,13
2021-04-12T09:30Z,200,9085
2021-04-12T09:30Z,304,5351
2021-04-12T09:30Z,404,152
2021-04-12T09:30Z,302,352
2021-04-12T09:30Z,499,529
2021-04-12T09:45Z,200,10957
2021-04-12T09:45Z,304,6044
2021-04-12T09:45Z,404,2050
2021-04-12T10:00Z,200,9423
2021-04-12T10:00Z,304,5677
2021-04-12T10:00Z,404,822
2021-04-12T10:15Z,200,8619
2021-04-12T10:15Z,304,4957
2021-04-12T10:15Z,404,734
2021-04-12T10:30Z,200,7139
2021-04-12T10:30Z,304,4858
2021-04-12T10:30Z,404,1352
2021-04-12T10:30Z,302,13
2021-04-12T10:45Z,200,7958
2021-04-12T10:45Z,304,4521
2021-04-12T10:45Z,404,1314
2021-04-12T10:45Z,302,436
2021-04-12T10:45Z,500,855
2021-04-12T11:00Z,200,7598
2021-04-12T11:00Z,304,4652
2021-04-12T11:00Z,404,1410
2021-04-12T11:00Z,302,89
2021-04-12T11:00Z,499,541
2021-04-12T11:15Z,200,9137
2021-04-12T11:15Z,304,4419
2021-04-12T11:15Z,404,564
2021-04-12T11:15Z,302,698
2021-04-12T11:15Z,499,400
2021-04-12T11:30Z,200,8667
2021-04-12T11:30Z,304,4469
2021-04-12T11:30Z,404,244
2021-04-12T11:45Z,200,8046
2021-04-12T11:45Z,304,5538
2021-04-12T11:45Z,404,431
2021-04-12T11:45Z,499,890
2021-04-12T12:00Z,200,7790
2021-04-12T12:00Z,304,5547
2021-04-12T12:00Z,404,163
2021-04-12T12:15Z,200,8522
2021-04-12T12:15Z,304,5258
2021-04-12T12:15Z,404,1197
2021-04-12T12:15Z,302,977
2021-04-12T12:15Z,499,180
2021-04-12T12:30Z,200,8922
2021-04-12T12:30Z,304,5435
2021-04-12T12:30Z,404,1860
2021-04-12T12:30Z,302,304
2021-04-12T12:45Z,200,8971
2021-04-12T12:45Z,304,6487
2021-04-12T12:45Z,404,1863
2021-04-12T12:45Z,302,385
2021-04-12T13:00Z,200,9786
2021-04-12T13:00Z,304,5206
2021-04-12T13:00Z,404,2599
2021-04-12T13:00Z,499,961
2021-04-12T13:15Z,200,9392
2021-04-12T13:15Z,304,6119
2021-04-12T13:15Z,404,3208
2021-04-12T13:30Z,200,9717
2021-04-12T13:30Z,304,5446
2021-04-12T13:30Z,404,2433
2021-04-12T13:30Z,503,385
2021-04-12T13:30Z,499,986
2021-04-12T13:30Z,302,858
2021-04-12T13:45Z,200,12176
2021-04-12T13:45Z,304,6121
2021-04-12T13:45Z,404,1396
2021-04-12T13:45Z,500,573
2021-04-12T13:45Z,499,263
2021-04-12T13:45Z,302,599
2021-04-12T14:00Z,200,10866
2021-04-12T14:00Z,304,5988
2021-04-12T14:00Z,404,1498
2021-04-12T14:00Z,499,237
2021-04-12T14:00Z,302,605
2021-04-12T14:15Z,200,12473
2021-04-12T14:15Z,304,6055
2021-04-12T14:15Z,404,669
2021-04-12T14:15Z,302,232
2021-04-12T14:30Z,200,11455
2021-04-12T14:30Z,304,6547
2021-04-12T14:30Z,404,2129
2021-04-12T14:30Z,302,118
2021-04-12T14:45Z,200,10555
2021-04-12T14:45Z,304,5387
2021-04-12T14:45Z,404,1630
2021-04-12T14:45Z,500,51
2021-04-12T14:45Z,302,858
2021-04-12T15:00Z,200,12495
2021-04-12T15:00Z,304,6616
2021-04-12T15:00Z,404,1186
2021-04-12T15:00Z,302,434
2021-04-12T15:00Z,499,156
2021-04-12T15:15Z,200,11322
2021-04-12T15:15Z,304,6050
2021-04-12T15:15Z,404,1923
2021-04-12T15:30Z,200,11049
2021-04-12T15:30Z,304,5353
2021-04-12T15:30Z,404,2381
2021-04-12T15:45Z,200,13065
2021-04-12T15:45Z,304,5223
2021-04-12T15:45Z,404,854
2021-04-12T15:45Z,499,402
2021-04-12T16:00Z,200,10895
2021-04-12T16:00Z,304,4326
2021-04-12T16:00Z,404,2175
2021-04-12T16:15Z,200,11255
2021-04-12T16:15Z,304,4856
2021-04-12T16:15Z,404,2091
2021-04-12T16:15Z,302,154
2021-04-12T16:30Z,200,10462
2021-04-12T16:30Z,304,5774
2021-04-12T16:30Z,404,3356
2021-04-12T16:45Z,200,9169
2021-04-12T16:45Z,304,5448
2021-04-12T16:45Z,404,4706
2021-04-12T17:00Z,200,11364
2021-04-12T17:00Z,304,4713
2021-04-12T17:00Z,404,2448
2021-04-12T17:15Z,200,11765
2021-04-12T17:15Z,304,5327
2021-04-12T17:15Z,404,871
2021-04-12T17:15Z,500,28
2021-04-12T17:30Z,200,11775
2021-04-12T17:30Z,304,4747
2021-04-12T17:30Z,404,2376
2021-04-12T17:30Z,302,870
2021-04-12T17:30Z,499,764
2021-04-12T17:45Z,200,10949
2021-04-12T17:45Z,304,5020
2021-04-12T17:45Z,404,666
2021-04-12T17:45Z,499,415
2021-04-12T18:00Z,200,9571
2021-04-12T18:00Z,304,4796
2021-04-12T18:00Z,404,909
2021-04-12T18:00Z,302,841
2021-04-12T18:15Z,200,8833
2021-04-12T18:15Z,304,4474
2021-04-12T18:15Z,404,1509
2021-04-12T18:15Z,302,112
2021-04-12T18:15Z,401,19
2021-04-12T18:30Z,200,11833
2021-04-12T18:30Z,304,4135
2021-04-12T18:30Z,404,1312
2021-04-12T18:45Z,200,13154
2021-04-12T18:45Z,304,1912
2021-04-12T18:45Z,404,932
2021-04-12T18:45Z,302,265
2021-04-12T19:00Z,200,13894
2021-04-12T19:00Z,304,2784
2021-04-12T19:00Z,404,552
2021-04-12T19:00Z,302,594
2021-04-12T19:00Z,401,840
2021-04-12T19:15Z,200,11984
2021-04-12T19:15Z,304,3396
2021-04-12T19:15Z,404,3339
2021-04-12T19:15Z,302,739
2021-04-12T19:15Z,499,153
2021-04-12T19:30Z,200,9320
2021-04-12T19:30Z,404,3258
2021-04-12T19:30Z,304,3372
2021-04-12T19:30Z,302,1261
2021-04-12T19:30Z,499,785
2021-04-12T19:45Z,200,11642
2021-04-12T19:45Z,404,4783
2021-04-12T19:45Z,304,3280
2021-04-12T19:45Z,499,83
2021-04-12T19:45Z,302,630
2021-04-12T20:00Z,200,11892
2021-04-12T20:00Z,304,3676
2021-04-12T20:00Z,404,1568
2021-04-12T20:00Z,499,387
2021-04-12T20:15Z,200,11720
2021-04-12T20:15Z,404,4054
2021-04-12T20:15Z,304,3457
2021-04-12T20:15Z,302,657
2021-04-12T20:30Z,200,12985
2021-04-12T20:30Z,304,2926
2021-04-12T20:30Z,404,2417
2021-04-12T20:30Z,499,891
2021-04-12T20:30Z,302,380
2021-04-12T20:45Z,200,11101
2021-04-12T20:45Z,304,3808
2021-04-12T20:45Z,404,925
2021-04-12T20:45Z,401,368
2021-04-12T20:45Z,302,318
2021-04-12T21:00Z,200,12544
2021-04-12T21:00Z,304,2799
2021-04-12T21:00Z,404,918
2021-04-12T21:15Z,200,11087
2021-04-12T21:15Z,304,3279
2021-04-12T21:15Z,404,747
2021-04-12T21:15Z,302,413
2021-04-12T21:30Z,200,10943
2021-04-12T21:30Z,304,3612
2021-04-12T21:30Z,302,2413
2021-04-12T21:30Z,404,697
2021-04-12T21:45Z,200,10180
2021-04-12T21:45Z,302,4491
2021-04-12T21:45Z,304,3102
2021-04-12T21:45Z,404,902
2021-04-12T21:45Z,499,964
2021-04-12T22:00Z,200,9655
2021-04-12T22:00Z,304,2893
2021-04-12T22:00Z,404,1538
2021-04-12T22:00Z,302,1552
2021-04-12T22:15Z,200,10769
2021-04-12T22:15Z,304,3489
2021-04-12T22:15Z,404,2731
2021-04-12T22:15Z,302,719
2021-04-12T22:15Z,503,518
2021-04-12T22:30Z,200,8532
2021-04-12T22:30Z,304,3207
2021-04-12T22:30Z,404,589
2021-04-12T22:30Z,302,601
2021-04-12T22:45Z,200,7171
2021-04-12T22:45Z,304,2860
2021-04-12T22:45Z,302,2070
2021-04-12T22:45Z,404,680
2021-04-12T23:00Z,200,9630
2021-04-12T23:00Z,304,2906
2021-04-12T23:00Z,404,1347
2021-04-12T23:00Z,302,435
2021-04-12T23:00Z,499,652
2021-04-12T23:15Z,200,8912
2021-04-12T23:15Z,304,3412
2021-04-12T23:15Z,404,1772
2021-04-12T23:15Z,302,1306
2021-04-12T23:30Z,200,10912
2021-04-12T23:30Z,304,3669
2021-04-12T23:30Z,302,1984
2021-04-12T23:30Z,404,1055
2021-04-12T23:45Z,200,8984
2021-04-12T23:45Z,304,3551
2021-04-12T23:45Z,404,1113
2021-04-12T23:45Z,302,317
2021-04-13,200,7792
2021-04-13,304,2459
2021-04-13,404,1425
2021-04-13,302,708
2021-04-13,499,952
2021-04-13T00:15Z,200,8359
2021-04-13T00:15Z,304,2662
2021-04-13T00:15Z,404,1581
2021-04-13T00:30Z,200,8745
2021-04-13T00:30Z,304,2774
2021-04-13T00:30Z,404,1270
2021-04-13T00:30Z,302,715
2021-04-13T00:45Z,200,7512
2021-04-13T00:45Z,304,3682
2021-04-13T00:45Z,404,774
2021-04-13T01:00Z,200,8777
2021-04-13T01:00Z,304,3465
2021-04-13T01:00Z,404,1128
2021-04-13T01:00Z,302,817
2021-04-13T01:15Z,200,7158
2021-04-13T01:15Z,304,3614
2021-04-13T01:15Z,404,1236
2021-04-13T01:15Z,403,761
2021-04-13T01:30Z,200,7843
2021-04-13T01:30Z,304,3489
2021-04-13T01:30Z,404,793
2021-04-13T01:45Z,200,7181
2021-04-13T01:45Z,304,3685
2021-04-13T01:45Z,404,1214
2021-04-13T02:00Z,200,10154
2021-04-13T02:00Z,304,3807
2021-04-13T02:00Z,404,1295
2021-04-13T02:15Z,200,7516
2021-04-13T02:15Z,304,3915
2021-04-13T02:15Z,404,2020
2021-04-13T02:30Z,200,7772
2021-04-13T02:30Z,304,3006
2021-04-13T02:30Z,404,2065
2021-04-13T02:45Z,200,8004
2021-04-13T02:45Z,304,3748
2021-04-13T02:45Z,404,815
2021-04-13T03:00Z,200,7665
2021-04-13T03:00Z,304,3754
2021-04-13T03:00Z,404,1063
2021-04-13T03:00Z,499,915
2021-04-13T03:00Z,302,457
2021-04-13T03:15Z,200,6704
2021-04-13T03:15Z,304,3920
2021-04-13T03:15Z,404,742
2021-04-13T03:30Z,200,7283
2021-04-13T03:30Z,304,3159
2021-04-13T03:30Z,404,968
2021-04-13T03:30Z,302,581
2021-04-13T03:45Z,200,8765
2021-04-13T03:45Z,304,3956
2021-04-13T03:45Z,404,897
2021-04-13T04:00Z,200,8214
2021-04-13T04:00Z,304,2799
2021-04-13T04:00Z,404,730
2021-04-13T04:00Z,500,522
2021-04-13T04:00Z,302,362
2021-04-13T04:15Z,200,8730
2021-04-13T04:15Z,304,3242
2021-04-13T04:15Z,404,957
2021-04-13T04:30Z,200,9973
2021-04-13T04:30Z,304,2948
2021-04-13T04:30Z,404,1051
2021-04-13T04:45Z,200,8456
2021-04-13T04:45Z,304,3531
2021-04-13T04:45Z,404,256
2021-04-13T05:00Z,200,10677
2021-04-13T05:00Z,304,3671
2021-04-13T05:00Z,404,1392
2021-04-13T05:00Z,499,983
2021-04-13T05:00Z,302,994
2021-04-13T05:15Z,200,7510
2021-04-13T05:15Z,304,2773
2021-04-13T05:15Z,404,735
2021-04-13T05:15Z,499,955
2021-04-13T05:30Z,200,7545
2021-04-13T05:30Z,304,3669
2021-04-13T05:30Z,404,1010
2021-04-13T05:30Z,302,495
2021-04-13T05:45Z,200,6770
2021-04-13T05:45Z,304,3422
2021-04-13T05:45Z,404,1300
2021-04-13T06:00Z,200,5455
2021-04-13T06:00Z,304,4028
2021-04-13T06:00Z,404,674
2021-04-13T06:15Z,200,8539
2021-04-13T06:15Z,304,4570
2021-04-13T06:15Z,404,1264
2021-04-13T06:30Z,200,7497
2021-04-13T06:30Z,304,3761
2021-04-13T06:30Z,404,941
2021-04-13T06:45Z,200,8556
2021-04-13T06:45Z,304,4149
2021-04-13T06:45Z,404,810
2021-04-13T06:45Z,302,960
2021-04-13T07:00Z,200,10544
2021-04-13T07:00Z,304,4117
2021-04-13T07:00Z,404,2389
2021-04-13T07:00Z,302,568
2021-04-13T07:15Z,200,8135
2021-04-13T07:15Z,304,4195
2021-04-13T07:15Z,404,971
2021-04-13T07:30Z,200,8213
2021-04-13T07:30Z,304,4182
2021-04-13T07:30Z,404,2013
2021-04-13T07:45Z,200,9479
2021-04-13T07:45Z,304,4381
2021-04-13T07:45Z,404,498
2021-04-13T07:45Z,302,257
2021-04-13T08:00Z,200,10731
2021-04-13T08:00Z,304,5099
2021-04-13T08:00Z,404,665
2021-04-13T08:00Z,302,386
2021-04-13T08:15Z,200,8085
2021-04-13T08:15Z,304,5316
2021-04-13T08:15Z,404,576
2021-04-13T08:30Z,200,6505
2021-04-13T08:30Z,304,4885
2021-04-13T08:30Z,404,1117
2021-04-13T08:30Z,302,725
2021-04-13T08:45Z,200,6537
2021-04-13T08:45Z,304,5329
2021-04-13T08:45Z,404,1396
2021-04-13T09:00Z,200,9283
2021-04-13T09:00Z,304,5702
2021-04-13T09:00Z,404,1108
2021-04-13T09:15Z,200,9547
2021-04-13T09:15Z,304,4770
2021-04-13T09:15Z,404,1481
2021-04-13T09:30Z,200,8854
2021-04-13T09:30Z,304,5489
2021-04-13T09:30Z,404,955
2021-04-13T09:30Z,499,471
2021-04-13T09:45Z,200,7977
2021-04-13T09:45Z,304,4353
2021-04-13T09:45Z,404,666
2021-04-13T10:00Z,200,5620
2021-04-13T10:00Z,304,4764
2021-04-13T10:00Z,404,508
2021-04-13T10:00Z,499,795
2021-04-13T10:15Z,200,5540
2021-04-13T10:15Z,304,5180
2021-04-13T10:15Z,404,663
2021-04-13T10:30Z,200,6645
2021-04-13T10:30Z,304,4601
2021-04-13T10:30Z,404,880
2021-04-13T10:45Z,200,7973
2021-04-13T10:45Z,304,4523
2021-04-13T10:45Z,404,1132
2021-04-13T11:00Z,200,8325
2021-04-13T11:00Z,304,4652
2021-04-13T11:00Z,404,1160
2021-04-13T11:00Z,500,26
2021-04-13T11:00Z,302,395
2021-04-13T11:15Z,200,7689
2021-04-13T11:15Z,304,4427
2021-04-13T11:15Z,404,1531
2021-04-13T11:30Z,200,7089
2021-04-13T11:30Z,304,3910
2021-04-13T11:30Z,404,1244
2021-04-13T11:45Z,200,7715
2021-04-13T11:45Z,304,4288
2021-04-13T11:45Z,404,864
2021-04-13T12:00Z,200,8797
2021-04-13T12:00Z,304,4566
2021-04-13T12:00Z,404,1062
2021-04-13T12:00Z,302,364
2021-04-13T12:15Z,200,9699
2021-04-13T12:15Z,304,4346
2021-04-13T12:15Z,404,557
2021-04-13T12:30Z,200,9706
2021-04-13T12:30Z,304,5559
2021-04-13T12:30Z,404,1605
2021-04-13T12:30Z,500,707
2021-04-13T12:45Z,200,9957
2021-04-13T12:45Z,304,6071
2021-04-13T12:45Z,404,1267
2021-04-13T12:45Z,500,307
2021-04-13T13:00Z,200,9840
2021-04-13T13:00Z,304,5526
2021-04-13T13:00Z,404,601
2021-04-13T13:00Z,499,533
2021-04-13T13:15Z,200,8553
2021-04-13T13:15Z,304,4930
2021-04-13T13:15Z,404,757
2021-04-13T13:30Z,200,11551
2021-04-13T13:30Z,304,5353
2021-04-13T13:30Z,404,838
2021-04-13T13:30Z,499,823
2021-04-13T13:45Z,200,14008
2021-04-13T13:45Z,304,6296
2021-04-13T13:45Z,404,1399
2021-04-13T14:00Z,200,11254
2021-04-13T14:00Z,304,5798
2021-04-13T14:00Z,404,1439
2021-04-13T14:00Z,499,326
2021-04-13T14:00Z,302,308
2021-04-13T14:00Z,500,600
2021-04-13T14:15Z,200,11228
2021-04-13T14:15Z,304,7396
2021-04-13T14:15Z,404,1924
2021-04-13T14:15Z,302,724
2021-04-13T14:15Z,499,424
2021-04-13T14:30Z,200,10121
2021-04-13T14:30Z,304,7924
2021-04-13T14:30Z,404,1996
2021-04-13T14:30Z,499,836
2021-04-13T14:30Z,500,641
2021-04-13T14:45Z,200,10573
2021-04-13T14:45Z,304,5177
2021-04-13T14:45Z,404,832
2021-04-13T14:45Z,499,161
2021-04-13T15:00Z,200,12740
2021-04-13T15:00Z,304,5971
2021-04-13T15:00Z,404,1357
2021-04-13T15:00Z,302,334
2021-04-13T15:00Z,499,761
2021-04-13T15:15Z,200,11103
2021-04-13T15:15Z,304,5043
2021-04-13T15:15Z,404,1526
2021-04-13T15:15Z,499,442
2021-04-13T15:30Z,200,9123
2021-04-13T15:30Z,304,5239
2021-04-13T15:30Z,404,2372
2021-04-13T15:30Z,302,501
2021-04-13T15:45Z,200,10766
2021-04-13T15:45Z,304,4915
2021-04-13T15:45Z,404,2041
2021-04-13T15:45Z,302,347
2021-04-13T16:00Z,200,9553
2021-04-13T16:00Z,304,5415
2021-04-13T16:00Z,404,4428
2021-04-13T16:00Z,499,328
2021-04-13T16:00Z,302,923
2021-04-13T16:15Z,200,14906
2021-04-13T16:15Z,304,6917
2021-04-13T16:15Z,404,1114
2021-04-13T16:15Z,503,774
2021-04-13T16:30Z,200,11613
2021-04-13T16:30Z,304,3999
2021-04-13T16:30Z,404,2462
2021-04-13T16:30Z,499,1009
2021-04-13T16:45Z,200,12385
2021-04-13T16:45Z,304,4921
2021-04-13T16:45Z,404,2955
2021-04-13T17:00Z,200,9728
2021-04-13T17:00Z,304,4779
2021-04-13T17:00Z,404,931
2021-04-13T17:00Z,302,960
2021-04-13T17:15Z,200,8855
2021-04-13T17:15Z,304,4845
2021-04-13T17:15Z,404,2443
2021-04-13T17:15Z,499,746
2021-04-13T17:30Z,200,9362
2021-04-13T17:30Z,304,5328
2021-04-13T17:30Z,404,4399
2021-04-13T17:30Z,499,983
2021-04-13T17:45Z,200,10311
2021-04-13T17:45Z,304,4763
2021-04-13T17:45Z,404,4508
2021-04-13T17:45Z,499,346
2021-04-13T18:00Z,200,13432
2021-04-13T18:00Z,304,5187
2021-04-13T18:00Z,404,916
2021-04-13T18:00Z,499,539
2021-04-13T18:15Z,200,7950
2021-04-13T18:15Z,304,4675
2021-04-13T18:15Z,404,1730
2021-04-13T18:15Z,302,684
2021-04-13T18:15Z,500,515
2021-04-13T18:30Z,200,8253
2021-04-13T18:30Z,304,5159
2021-04-13T18:30Z,404,3699
2021-04-13T18:30Z,302,49
2021-04-13T18:30Z,499,691
2021-04-13T18:45Z,200,9033
2021-04-13T18:45Z,304,4820
2021-04-13T18:45Z,404,1565
2021-04-13T18:45Z,499,527
2021-04-13T18:45Z,302,632
2021-04-13T19:00Z,200,9512
2021-04-13T19:00Z,304,4358
2021-04-13T19:00Z,404,2066
2021-04-13T19:00Z,302,89
2021-04-13T19:00Z,403,943
2021-04-13T19:00Z,500,469
2021-04-13T19:15Z,200,11376
2021-04-13T19:15Z,304,4895
2021-04-13T19:15Z,404,2173
2021-04-13T19:15Z,302,817
2021-04-13T19:15Z,499,560
2021-04-13T19:30Z,200,9788
2021-04-13T19:30Z,304,4514
2021-04-13T19:30Z,404,2740
2021-04-13T19:30Z,499,1078
2021-04-13T19:30Z,500,210
2021-04-13T19:30Z,302,653
2021-04-13T19:45Z,200,9320
2021-04-13T19:45Z,304,4353
2021-04-13T19:45Z,404,1403
2021-04-13T19:45Z,302,159
2021-04-13T20:00Z,200,9921
2021-04-13T20:00Z,304,4982
2021-04-13T20:00Z,404,1013
2021-04-13T20:00Z,499,955
2021-04-13T20:00Z,302,648
2021-04-13T20:15Z,200,9854
2021-04-13T20:15Z,304,4368
2021-04-13T20:15Z,404,1029
2021-04-13T20:15Z,499,979
2021-04-13T20:30Z,200,12806
2021-04-13T20:30Z,304,3831
2021-04-13T20:30Z,404,1144
2021-04-13T20:30Z,499,491
2021-04-13T20:45Z,200,11979
2021-04-13T20:45Z,304,4745
2021-04-13T20:45Z,404,914
2021-04-13T20:45Z,503,81
2021-04-13T20:45Z,302,325
2021-04-13T21:00Z,200,9905
2021-04-13T21:00Z,304,4185
2021-04-13T21:00Z,404,1165
2021-04-13T21:00Z,499,498
2021-04-13T21:00Z,500,351
2021-04-13T21:15Z,200,10121
2021-04-13T21:15Z,304,4038
2021-04-13T21:15Z,404,987
2021-04-13T21:15Z,302,34
2021-04-13T21:15Z,503,742
2021-04-13T21:30Z,200,8623
2021-04-13T21:30Z,304,4195
2021-04-13T21:30Z,404,1639
2021-04-13T21:30Z,503,672
2021-04-13T21:30Z,500,705
2021-04-13T21:30Z,499,545
2021-04-13T21:45Z,200,10698
2021-04-13T21:45Z,404,3691
2021-04-13T21:45Z,304,4204
2021-04-13T21:45Z,499,724
2021-04-13T22:00Z,200,10411
2021-04-13T22:00Z,304,3674
2021-04-13T22:00Z,404,995
2021-04-13T22:00Z,401,14
2021-04-13T22:00Z,499,464
2021-04-13T22:15Z,200,8846
2021-04-13T22:15Z,304,3234
2021-04-13T22:15Z,404,2091
2021-04-13T22:30Z,200,9718
2021-04-13T22:30Z,304,4379
2021-04-13T22:30Z,404,541
2021-04-13T22:30Z,302,408
2021-04-13T22:45Z,200,9753
2021-04-13T22:45Z,304,3029
2021-04-13T22:45Z,404,810
2021-04-13T22:45Z,499,67
2021-04-13T23:00Z,200,9507
2021-04-13T23:00Z,304,3868
2021-04-13T23:00Z,404,914
2021-04-13T23:15Z,200,11514
2021-04-13T23:15Z,304,2627
2021-04-13T23:15Z,404,1200
2021-04-13T23:15Z,302,697
2021-04-13T23:30Z,200,8833
2021-04-13T23:30Z,304,3354
2021-04-13T23:30Z,404,839
2021-04-13T23:30Z,302,679
2021-04-13T23:45Z,200,7122
2021-04-13T23:45Z,304,2824
2021-04-13T23:45Z,404,1352
2021-04-14,200,8025
2021-04-14,304,2949
2021-04-14,404,699
2021-04-14T00:15Z,200,6797
2021-04-14T00:15Z,304,3812
2021-04-14T00:15Z,404,455
2021-04-14T00:15Z,302,299
2021-04-14T00:30Z,200,7190
2021-04-14T00:30Z,304,2639
2021-04-14T00:30Z,404,1152
2021-04-14T00:45Z,200,10199
2021-04-14T00:45Z,304,3737
2021-04-14T00:45Z,404,1719
2021-04-14T01:00Z,200,7915
2021-04-14T01:00Z,304,4260
2021-04-14T01:00Z,404,1285
2021-04-14T01:00Z,302,926
2021-04-14T01:15Z,200,6572
2021-04-14T01:15Z,304,4315
2021-04-14T01:15Z,404,580
2021-04-14T01:15Z,302,127
2021-04-14T01:30Z,200,7219
2021-04-14T01:30Z,304,3674
2021-04-14T01:30Z,404,727
2021-04-14T01:30Z,302,1003
2021-04-14T01:45Z,200,8032
2021-04-14T01:45Z,304,3658
2021-04-14T01:45Z,404,1358
2021-04-14T02:00Z,200,10536
2021-04-14T02:00Z,304,3904
2021-04-14T02:00Z,404,1673
2021-04-14T02:15Z,200,10859
2021-04-14T02:15Z,304,4199
2021-04-14T02:15Z,404,1505
2021-04-14T02:15Z,503,92
2021-04-14T02:30Z,200,8310
2021-04-14T02:30Z,304,3986
2021-04-14T02:30Z,404,2202
2021-04-14T02:30Z,401,119
2021-04-14T02:30Z,302,136
2021-04-14T02:45Z,200,8704
2021-04-14T02:45Z,304,3741
2021-04-14T02:45Z,404,1201
2021-04-14T02:45Z,499,55
2021-04-14T03:00Z,200,8517
2021-04-14T03:00Z,304,3720
2021-04-14T03:00Z,404,951
2021-04-14T03:15Z,200,7155
2021-04-14T03:15Z,304,3724
2021-04-14T03:15Z,404,1987
2021-04-14T03:30Z,200,7505
2021-04-14T03:30Z,304,3252
2021-04-14T03:30Z,404,1194
2021-04-14T03:30Z,302,754
2021-04-14T03:45Z,200,5633
2021-04-14T03:45Z,304,2883
2021-04-14T03:45Z,404,1111
2021-04-14T04:00Z,200,6739
2021-04-14T04:00Z,304,2774
2021-04-14T04:00Z,404,1061
2021-04-14T04:00Z,499,697
2021-04-14T04:15Z,200,5159
2021-04-14T04:15Z,304,3198
2021-04-14T04:15Z,404,1546
2021-04-14T04:30Z,200,5668
2021-04-14T04:30Z,304,3166
2021-04-14T04:30Z,404,643
2021-04-14T04:30Z,302,311
2021-04-14T04:45Z,200,7752
2021-04-14T04:45Z,304,3623
2021-04-14T04:45Z,404,2208
2021-04-14T04:45Z,403,240
2021-04-14T05:00Z,200,6096
2021-04-14T05:00Z,304,2539
2021-04-14T05:00Z,404,1850
2021-04-14T05:15Z,200,5657
2021-04-14T05:15Z,304,3428
2021-04-14T05:15Z,404,1941
2021-04-14T05:30Z,200,6010
2021-04-14T05:30Z,304,3884
2021-04-14T05:30Z,404,563
2021-04-14T05:45Z,200,5052
2021-04-14T05:45Z,304,3197
2021-04-14T05:45Z,404,1001
2021-04-14T06:00Z,200,7971
2021-04-14T06:00Z,304,4107
2021-04-14T06:00Z,404,1436
2021-04-14T06:15Z,200,7739
2021-04-14T06:15Z,304,4547
2021-04-14T06:15Z,404,698
2021-04-14T06:15Z,403,847
2021-04-14T06:30Z,200,6724
2021-04-14T06:30Z,304,5117
2021-04-14T06:30Z,404,576
2021-04-14T06:45Z,200,7615
2021-04-14T06:45Z,304,3906
2021-04-14T06:45Z,404,1389
2021-04-14T06:45Z,302,814
2021-04-14T07:00Z,200,7307
2021-04-14T07:00Z,304,5056
2021-04-14T07:00Z,404,1127
2021-04-14T07:15Z,200,6248
2021-04-14T07:15Z,304,4404
2021-04-14T07:15Z,404,1107
2021-04-14T07:30Z,200,9935
2021-04-14T07:30Z,304,4511
2021-04-14T07:30Z,404,546
2021-04-14T07:45Z,200,13045
2021-04-14T07:45Z,304,4910
2021-04-14T07:45Z,404,422
2021-04-14T07:45Z,500,295
2021-04-14T08:00Z,200,8909
2021-04-14T08:00Z,304,5082
2021-04-14T08:00Z,404,1220
2021-04-14T08:00Z,302,172
2021-04-14T08:15Z,200,8547
2021-04-14T08:15Z,304,5418
2021-04-14T08:15Z,404,1641
2021-04-14T08:30Z,200,8954
2021-04-14T08:30Z,304,5282
2021-04-14T08:30Z,404,1029
2021-04-14T08:30Z,302,358
2021-04-14T08:45Z,200,9398
2021-04-14T08:45Z,304,6087
2021-04-14T08:45Z,404,1225
2021-04-14T08:45Z,302,46
2021-04-14T09:00Z,200,10159
2021-04-14T09:00Z,304,5677
2021-04-14T09:00Z,404,2086
2021-04-14T09:15Z,200,8910
2021-04-14T09:15Z,304,5200
2021-04-14T09:15Z,404,447
2021-04-14T09:15Z,500,479
2021-04-14T09:30Z,200,7189
2021-04-14T09:30Z,304,6161
2021-04-14T09:30Z,404,805
2021-04-14T09:45Z,200,7156
2021-04-14T09:45Z,304,4984
2021-04-14T09:45Z,404,286
2021-04-14T10:00Z,200,7610
2021-04-14T10:00Z,304,6166
2021-04-14T10:00Z,404,1509
2021-04-14T10:00Z,302,229
2021-04-14T10:15Z,200,6634
2021-04-14T10:15Z,304,5240
2021-04-14T10:15Z,404,752
2021-04-14T10:30Z,200,6427
2021-04-14T10:30Z,304,4144
2021-04-14T10:30Z,404,560
2021-04-14T10:45Z,200,7832
2021-04-14T10:45Z,304,4403
2021-04-14T10:45Z,404,520
2021-04-14T10:45Z,500,32
2021-04-14T10:45Z,499,115
2021-04-14T11:00Z,200,7073
2021-04-14T11:00Z,304,5088
2021-04-14T11:00Z,404,668
2021-04-14T11:00Z,302,871
2021-04-14T11:15Z,200,6591
2021-04-14T11:15Z,304,4778
2021-04-14T11:15Z,404,986
2021-04-14T11:30Z,200,5851
2021-04-14T11:30Z,304,4643
2021-04-14T11:30Z,404,868
2021-04-14T11:45Z,200,7861
2021-04-14T11:45Z,304,4524
2021-04-14T11:45Z,404,762
2021-04-14T11:45Z,302,661
2021-04-14T12:00Z,200,13280
2021-04-14T12:00Z,304,4861
2021-04-14T12:00Z,404,2235
2021-04-14T12:00Z,302,974
2021-04-14T12:15Z,200,7331
2021-04-14T12:15Z,304,5247
2021-04-14T12:15Z,404,1077
2021-04-14T12:15Z,500,281
2021-04-14T12:15Z,302,53
2021-04-14T12:30Z,200,8701
2021-04-14T12:30Z,304,5468
2021-04-14T12:30Z,404,1678
2021-04-14T12:30Z,499,17
2021-04-14T12:30Z,302,535
2021-04-14T12:45Z,200,8681
2021-04-14T12:45Z,304,4903
2021-04-14T12:45Z,404,690
2021-04-14T13:00Z,200,7318
2021-04-14T13:00Z,304,4900
2021-04-14T13:00Z,404,1525
2021-04-14T13:00Z,302,35
2021-04-14T13:00Z,499,816
2021-04-14T13:15Z,200,9067
2021-04-14T13:15Z,304,5473
2021-04-14T13:15Z,404,466
2021-04-14T13:15Z,500,214
2021-04-14T13:30Z,200,10954
2021-04-14T13:30Z,304,6865
2021-04-14T13:30Z,404,2130
2021-04-14T13:30Z,302,809
2021-04-14T13:45Z,200,10084
2021-04-14T13:45Z,304,6190
2021-04-14T13:45Z,404,1030
2021-04-14T13:45Z,499,87
2021-04-14T13:45Z,302,344
2021-04-14T14:00Z,200,9228
2021-04-14T14:00Z,304,5829
2021-04-14T14:00Z,404,1281
2021-04-14T14:00Z,499,40
2021-04-14T14:15Z,200,10232
2021-04-14T14:15Z,304,5780
2021-04-14T14:15Z,404,709
2021-04-14T14:30Z,200,10560
2021-04-14T14:30Z,304,6097
2021-04-14T14:30Z,404,776
2021-04-14T14:30Z,499,407
2021-04-14T14:45Z,200,12303
2021-04-14T14:45Z,304,6412
2021-04-14T14:45Z,404,1401
2021-04-14T14:45Z,499,701
2021-04-14T14:45Z,302,121
2021-04-14T15:00Z,200,10725
2021-04-14T15:00Z,304,6374
2021-04-14T15:00Z,404,1583
2021-04-14T15:00Z,302,818
2021-04-14T15:15Z,200,10693
2021-04-14T15:15Z,304,6023
2021-04-14T15:15Z,404,2032
2021-04-14T15:15Z,499,300
2021-04-14T15:15Z,302,728
2021-04-14T15:15Z,503,346
2021-04-14T15:30Z,200,9841
2021-04-14T15:30Z,304,5028
2021-04-14T15:30Z,404,1220
2021-04-14T15:30Z,499,813
2021-04-14T15:45Z,200,10261
2021-04-14T15:45Z,304,5104
2021-04-14T15:45Z,404,1512
2021-04-14T15:45Z,499,784
2021-04-14T16:00Z,200,11136
2021-04-14T16:00Z,304,5510
2021-04-14T16:00Z,404,994
2021-04-14T16:00Z,302,998
2021-04-14T16:15Z,200,11111
2021-04-14T16:15Z,304,4950
2021-04-14T16:15Z,404,2961
2021-04-14T16:30Z,200,9537
2021-04-14T16:30Z,304,4272
2021-04-14T16:30Z,404,1051
2021-04-14T16:45Z,200,10162
2021-04-14T16:45Z,304,4218
2021-04-14T16:45Z,404,984
2021-04-14T16:45Z,499,950
2021-04-14T17:00Z,200,10377
2021-04-14T17:00Z,304,5104
2021-04-14T17:00Z,404,1301
2021-04-14T17:00Z,499,356
2021-04-14T17:15Z,200,9830
2021-04-14T17:15Z,304,4409
2021-04-14T17:15Z,404,1485
2021-04-14T17:15Z,302,427
2021-04-14T17:30Z,200,12765
2021-04-14T17:30Z,304,5225
2021-04-14T17:30Z,404,2445
2021-04-14T17:30Z,401,605
2021-04-14T17:30Z,302,929
2021-04-14T17:30Z,403,227
2021-04-14T17:45Z,200,10047
2021-04-14T17:45Z,304,5148
2021-04-14T17:45Z,404,1237
2021-04-14T18:00Z,200,9438
2021-04-14T18:00Z,304,4621
2021-04-14T18:00Z,404,1275
2021-04-14T18:15Z,200,9641
2021-04-14T18:15Z,304,4441
2021-04-14T18:15Z,404,1281
2021-04-14T18:15Z,499,496
2021-04-14T18:30Z,200,9563
2021-04-14T18:30Z,304,4596
2021-04-14T18:30Z,404,2120
2021-04-14T18:45Z,200,9288
2021-04-14T18:45Z,304,4432
2021-04-14T18:45Z,404,1685
2021-04-14T18:45Z,499,464
2021-04-14T19:00Z,200,10688
2021-04-14T19:00Z,304,4681
2021-04-14T19:00Z,404,1622
2021-04-14T19:00Z,499,710
2021-04-14T19:00Z,302,227
2021-04-14T19:15Z,200,11753
2021-04-14T19:15Z,304,4707
2021-04-14T19:15Z,404,1468
2021-04-14T19:15Z,499,866
2021-04-14T19:15Z,302,757
2021-04-14T19:15Z,403,810
2021-04-14T19:30Z,200,14166
2021-04-14T19:30Z,304,4244
2021-04-14T19:30Z,404,576
2021-04-14T19:30Z,499,767
2021-04-14T19:45Z,200,10802
2021-04-14T19:45Z,304,5554
2021-04-14T19:45Z,404,482
2021-04-14T19:45Z,499,469
2021-04-14T20:00Z,200,9384
2021-04-14T20:00Z,304,4486
2021-04-14T20:00Z,404,951
2021-04-14T20:00Z,302,304
2021-04-14T20:15Z,200,9943
2021-04-14T20:15Z,304,5106
2021-04-14T20:15Z,404,1376
2021-04-14T20:15Z,499,729
2021-04-14T20:15Z,302,855
2021-04-14T20:15Z,401,109
2021-04-14T20:15Z,500,972
2021-04-14T20:30Z,200,9624
2021-04-14T20:30Z,304,4887
2021-04-14T20:30Z,404,1076
2021-04-14T20:45Z,200,13248
2021-04-14T20:45Z,304,5184
2021-04-14T20:45Z,404,1743
2021-04-14T20:45Z,500,185
2021-04-14T21:00Z,200,20646
2021-04-14T21:00Z,304,12598
2021-04-14T21:00Z,404,2793
2021-04-14T21:00Z,302,2574
2021-04-14T21:00Z,499,195
2021-04-14T21:15Z,200,15545
2021-04-14T21:15Z,304,6730
2021-04-14T21:15Z,404,1682
2021-04-14T21:15Z,401,798
2021-04-14T21:15Z,302,84
2021-04-14T21:15Z,499,468
2021-04-14T21:30Z,200,11970
2021-04-14T21:30Z,304,7895
2021-04-14T21:30Z,404,761
2021-04-14T21:30Z,302,816
2021-04-14T21:30Z,499,306
2021-04-14T21:45Z,200,10563
2021-04-14T21:45Z,304,4447
2021-04-14T21:45Z,404,1368
2021-04-14T21:45Z,499,202
2021-04-14T22:00Z,200,11655
2021-04-14T22:00Z,304,7130
2021-04-14T22:00Z,404,1686
2021-04-14T22:00Z,302,1337
2021-04-14T22:00Z,401,462
2021-04-14T22:00Z,500,424
2021-04-14T22:15Z,200,11889
2021-04-14T22:15Z,304,4987
2021-04-14T22:15Z,404,774
2021-04-14T22:30Z,200,10009
2021-04-14T22:30Z,304,3930
2021-04-14T22:30Z,404,1818
2021-04-14T22:30Z,302,507
2021-04-14T22:45Z,200,9205
2021-04-14T22:45Z,304,4019
2021-04-14T22:45Z,404,1035
2021-04-14T22:45Z,302,860
2021-04-14T23:00Z,200,10175
2021-04-14T23:00Z,304,4007
2021-04-14T23:00Z,404,1874
2021-04-14T23:00Z,499,155
2021-04-14T23:00Z,302,802
2021-04-14T23:00Z,401,549
2021-04-14T23:15Z,200,8756
2021-04-14T23:15Z,304,3490
2021-04-14T23:15Z,404,921
2021-04-14T23:15Z,302,698
2021-04-14T23:15Z,401,894
2021-04-14T23:30Z,200,11961
2021-04-14T23:30Z,304,3608
2021-04-14T23:30Z,404,474
2021-04-14T23:45Z,200,10488
2021-04-14T23:45Z,304,4061
2021-04-14T23:45Z,404,1099
2021-04-14T23:45Z,302,888
2021-04-15,200,9875
2021-04-15,304,4151
2021-04-15,404,1473
2021-04-15,499,913
2021-04-15,302,364
2021-04-15,403,512
2021-04-15T00:15Z,200,9800
2021-04-15T00:15Z,304,3825
2021-04-15T00:15Z,404,2687
2021-04-15T00:30Z,200,9307
2021-04-15T00:30Z,304,3940
2021-04-15T00:30Z,404,2159
2021-04-15T00:30Z,302,702
2021-04-15T00:45Z,200,9693
2021-04-15T00:45Z,304,3591
2021-04-15T00:45Z,404,1429
2021-04-15T00:45Z,302,708
2021-04-15T01:00Z,200,11746
2021-04-15T01:00Z,304,4472
2021-04-15T01:00Z,404,1953
2021-04-15T01:15Z,200,10948
2021-04-15T01:15Z,304,3846
2021-04-15T01:15Z,404,1831
2021-04-15T01:15Z,302,68
2021-04-15T01:30Z,200,9565
2021-04-15T01:30Z,304,3475
2021-04-15T01:30Z,404,1086
2021-04-15T01:30Z,302,448
2021-04-15T01:45Z,200,8592
2021-04-15T01:45Z,304,4149
2021-04-15T01:45Z,404,1493
2021-04-15T02:00Z,200,11189
2021-04-15T02:00Z,304,4313
2021-04-15T02:00Z,404,507
2021-04-15T02:15Z,200,10880
2021-04-15T02:15Z,304,3860
2021-04-15T02:15Z,404,900
2021-04-15T02:15Z,302,175
2021-04-15T02:30Z,200,7702
2021-04-15T02:30Z,304,4299
2021-04-15T02:30Z,404,843
2021-04-15T02:45Z,200,7801
2021-04-15T02:45Z,304,3690
2021-04-15T02:45Z,404,1044
2021-04-15T03:00Z,200,10402
2021-04-15T03:00Z,304,4584
2021-04-15T03:00Z,404,1428
2021-04-15T03:15Z,200,13205
2021-04-15T03:15Z,304,4210
2021-04-15T03:15Z,404,2584
2021-04-15T03:15Z,403,768
2021-04-15T03:30Z,200,11309
2021-04-15T03:30Z,304,4436
2021-04-15T03:30Z,404,1419
2021-04-15T03:45Z,200,9292
2021-04-15T03:45Z,304,4126
2021-04-15T03:45Z,404,992
2021-04-15T04:00Z,200,11977
2021-04-15T04:00Z,304,3828
2021-04-15T04:00Z,404,2211
2021-04-15T04:00Z,302,1017
2021-04-15T04:15Z,200,10563
2021-04-15T04:15Z,304,3989
2021-04-15T04:15Z,404,1530
2021-04-15T04:15Z,302,724
2021-04-15T04:30Z,200,10457
2021-04-15T04:30Z,304,3984
2021-04-15T04:30Z,404,1689
2021-04-15T04:30Z,302,808
2021-04-15T04:45Z,200,8130
2021-04-15T04:45Z,304,3378
2021-04-15T04:45Z,404,876
2021-04-15T05:00Z,200,9272
2021-04-15T05:00Z,304,3747
2021-04-15T05:00Z,404,1154
2021-04-15T05:00Z,302,654
2021-04-15T05:15Z,200,10327
2021-04-15T05:15Z,304,3966
2021-04-15T05:15Z,404,784
2021-04-15T05:15Z,500,355
2021-04-15T05:30Z,200,9404
2021-04-15T05:30Z,304,4364
2021-04-15T05:30Z,404,1646
2021-04-15T05:45Z,200,7581
2021-04-15T05:45Z,304,4384
2021-04-15T05:45Z,404,2189
2021-04-15T06:00Z,200,7369
2021-04-15T06:00Z,304,4865
2021-04-15T06:00Z,404,1113
2021-04-15T06:15Z,200,10903
2021-04-15T06:15Z,304,5374
2021-04-15T06:15Z,404,1161
2021-04-15T06:30Z,200,9395
2021-04-15T06:30Z,304,4655
2021-04-15T06:30Z,404,446
2021-04-15T06:45Z,200,8340
2021-04-15T06:45Z,304,4560
2021-04-15T06:45Z,404,821
2021-04-15T06:45Z,302,218
2021-04-15T06:45Z,401,756
2021-04-15T07:00Z,200,7674
2021-04-15T07:00Z,304,4929
2021-04-15T07:00Z,404,576
2021-04-15T07:00Z,302,937
2021-04-15T07:15Z,200,9536
2021-04-15T07:15Z,304,4952
2021-04-15T07:15Z,404,394
2021-04-15T07:30Z,200,11413
2021-04-15T07:30Z,304,6000
2021-04-15T07:30Z,404,779
2021-04-15T07:30Z,302,834
2021-04-15T07:30Z,500,716
2021-04-15T07:45Z,200,9920
2021-04-15T07:45Z,304,4967
2021-04-15T07:45Z,404,241
2021-04-15T08:00Z,200,9347
2021-04-15T08:00Z,304,5934
2021-04-15T08:00Z,404,2120
2021-04-15T08:15Z,200,10813
2021-04-15T08:15Z,304,5584
2021-04-15T08:15Z,404,547
2021-04-15T08:30Z,200,10310
2021-04-15T08:30Z,304,5711
2021-04-15T08:30Z,404,940
2021-04-15T08:45Z,200,9772
2021-04-15T08:45Z,304,5980
2021-04-15T08:45Z,404,302
2021-04-15T08:45Z,500,612
2021-04-15T08:45Z,302,999
2021-04-15T09:00Z,200,10821
2021-04-15T09:00Z,304,6034
2021-04-15T09:00Z,404,1654
2021-04-15T09:00Z,302,464
2021-04-15T09:15Z,200,10003
2021-04-15T09:15Z,304,6287
2021-04-15T09:15Z,404,1159
2021-04-15T09:15Z,302,947
2021-04-15T09:15Z,401,103
2021-04-15T09:30Z,200,11618
2021-04-15T09:30Z,304,5410
2021-04-15T09:30Z,404,1059
2021-04-15T09:45Z,200,13765
2021-04-15T09:45Z,304,5081
2021-04-15T09:45Z,404,493
2021-04-15T09:45Z,302,1001
2021-04-15T10:00Z,200,11599
2021-04-15T10:00Z,304,5711
2021-04-15T10:00Z,404,4758
2021-04-15T10:15Z,200,7485
2021-04-15T10:15Z,404,6731
2021-04-15T10:15Z,304,4662
2021-04-15T10:15Z,302,70
2021-04-15T10:30Z,200,9288
2021-04-15T10:30Z,304,4968
2021-04-15T10:30Z,404,1239
2021-04-15T10:30Z,302,204
2021-04-15T10:45Z,200,9345
2021-04-15T10:45Z,304,4137
2021-04-15T10:45Z,404,1329
2021-04-15T10:45Z,302,764
2021-04-15T11:00Z,200,9831
2021-04-15T11:00Z,304,5128
2021-04-15T11:00Z,404,2151
2021-04-15T11:15Z,200,7488
2021-04-15T11:15Z,304,5216
2021-04-15T11:15Z,404,1056
2021-04-15T11:15Z,302,687
2021-04-15T11:30Z,200,8910
2021-04-15T11:30Z,304,5314
2021-04-15T11:30Z,404,2206
2021-04-15T11:30Z,499,727
2021-04-15T11:45Z,200,8013
2021-04-15T11:45Z,304,5776
2021-04-15T11:45Z,404,2087
2021-04-15T12:00Z,200,10607
2021-04-15T12:00Z,304,5393
2021-04-15T12:00Z,404,816
2021-04-15T12:15Z,200,11186
2021-04-15T12:15Z,304,5219
2021-04-15T12:15Z,404,957
2021-04-15T12:15Z,302,52
2021-04-15T12:30Z,200,9736
2021-04-15T12:30Z,304,6204
2021-04-15T12:30Z,404,927
2021-04-15T12:30Z,500,403
2021-04-15T12:30Z,499,865
2021-04-15T12:45Z,200,9375
2021-04-15T12:45Z,304,5913
2021-04-15T12:45Z,404,916
2021-04-15T12:45Z,302,432
2021-04-15T13:00Z,200,8618
2021-04-15T13:00Z,304,5868
2021-04-15T13:00Z,404,267
2021-04-15T13:00Z,401,226
2021-04-15T13:00Z,500,519
2021-04-15T13:15Z,200,10546
2021-04-15T13:15Z,304,6019
2021-04-15T13:15Z,404,1430
2021-04-15T13:30Z,200,11552
2021-04-15T13:30Z,304,6317
2021-04-15T13:30Z,404,3166
2021-04-15T13:30Z,499,722
2021-04-15T13:45Z,200,10175
2021-04-15T13:45Z,304,6930
2021-04-15T13:45Z,404,1313
2021-04-15T13:45Z,499,725
2021-04-15T14:00Z,200,10444
2021-04-15T14:00Z,304,6956
2021-04-15T14:00Z,404,1291
2021-04-15T14:00Z,499,906
2021-04-15T14:00Z,302,64
2021-04-15T14:15Z,200,11341
2021-04-15T14:15Z,304,6820
2021-04-15T14:15Z,404,1874
2021-04-15T14:15Z,302,196
2021-04-15T14:30Z,200,10227
2021-04-15T14:30Z,304,6518
2021-04-15T14:30Z,404,832
2021-04-15T14:30Z,499,542
2021-04-15T14:45Z,200,10665
2021-04-15T14:45Z,304,5429
2021-04-15T14:45Z,404,1863
2021-04-15T14:45Z,499,223
2021-04-15T14:45Z,302,941
2021-04-15T15:00Z,200,12566
2021-04-15T15:00Z,304,6201
2021-04-15T15:00Z,404,2769
2021-04-15T15:00Z,499,808
2021-04-15T15:00Z,302,645
2021-04-15T15:15Z,200,9409
2021-04-15T15:15Z,304,6176
2021-04-15T15:15Z,404,1477
2021-04-15T15:15Z,499,979
2021-04-15T15:15Z,302,806
2021-04-15T15:30Z,200,10319
2021-04-15T15:30Z,304,6222
2021-04-15T15:30Z,404,955
2021-04-15T15:30Z,499,537
2021-04-15T15:30Z,500,745
2021-04-15T15:30Z,302,416
2021-04-15T15:45Z,200,8749
2021-04-15T15:45Z,304,5297
2021-04-15T15:45Z,404,1592
2021-04-15T16:00Z,200,11387
2021-04-15T16:00Z,304,5684
2021-04-15T16:00Z,404,555
2021-04-15T16:00Z,499,734
2021-04-15T16:15Z,200,13397
2021-04-15T16:15Z,304,5971
2021-04-15T16:15Z,404,1180
2021-04-15T16:15Z,499,118
2021-04-15T16:30Z,200,11910
2021-04-15T16:30Z,304,5145
2021-04-15T16:30Z,404,1034
2021-04-15T16:30Z,302,640
2021-04-15T16:30Z,401,916
2021-04-15T16:45Z,200,10452
2021-04-15T16:45Z,304,5869
2021-04-15T16:45Z,404,1227
2021-04-15T16:45Z,499,789
2021-04-15T16:45Z,302,566
2021-04-15T17:00Z,200,9750
2021-04-15T17:00Z,304,8090
2021-04-15T17:00Z,404,703
2021-04-15T17:15Z,200,12430
2021-04-15T17:15Z,304,7774
2021-04-15T17:15Z,404,1453
2021-04-15T17:15Z,302,356
2021-04-15T17:30Z,200,12603
2021-04-15T17:30Z,304,5851
2021-04-15T17:30Z,404,641
2021-04-15T17:30Z,302,938
2021-04-15T17:45Z,200,12473
2021-04-15T17:45Z,304,5456
2021-04-15T17:45Z,404,1325
2021-04-15T17:45Z,499,750
2021-04-15T17:45Z,302,297
2021-04-15T18:00Z,200,11252
2021-04-15T18:00Z,304,6211
2021-04-15T18:00Z,404,686
2021-04-15T18:00Z,401,153
2021-04-15T18:00Z,302,650
2021-04-15T18:15Z,200,9789
2021-04-15T18:15Z,304,5768
2021-04-15T18:15Z,404,2067
2021-04-15T18:15Z,302,80
2021-04-15T18:15Z,499,843
2021-04-15T18:30Z,200,9917
2021-04-15T18:30Z,304,5916
2021-04-15T18:30Z,404,1584
2021-04-15T18:30Z,302,464
2021-04-15T18:45Z,200,11713
2021-04-15T18:45Z,304,6055
2021-04-15T18:45Z,404,811
2021-04-15T19:00Z,200,11518
2021-04-15T19:00Z,304,6378
2021-04-15T19:00Z,404,697
2021-04-15T19:00Z,499,268
2021-04-15T19:15Z,200,10841
2021-04-15T19:15Z,304,6338
2021-04-15T19:15Z,404,3540
2021-04-15T19:15Z,499,211
2021-04-15T19:15Z,302,206
2021-04-15T19:30Z,200,9099
2021-04-15T19:30Z,304,5886
2021-04-15T19:30Z,404,2654
2021-04-15T19:30Z,503,172
2021-04-15T19:30Z,499,66
2021-04-15T19:45Z,200,12767
2021-04-15T19:45Z,304,6716
2021-04-15T19:45Z,404,1340
2021-04-15T19:45Z,499,837
2021-04-15T20:00Z,200,11143
2021-04-15T20:00Z,304,6602
2021-04-15T20:00Z,404,951
2021-04-15T20:00Z,499,372
2021-04-15T20:15Z,200,12275
2021-04-15T20:15Z,304,5786
2021-04-15T20:15Z,404,1861
2021-04-15T20:15Z,302,352
2021-04-15T20:30Z,200,12766
2021-04-15T20:30Z,304,6834
2021-04-15T20:30Z,404,613
2021-04-15T20:30Z,499,425
2021-04-15T20:45Z,200,9023
2021-04-15T20:45Z,304,5968
2021-04-15T20:45Z,404,762
2021-04-15T21:00Z,200,9320
2021-04-15T21:00Z,304,6301
2021-04-15T21:00Z,404,1504
2021-04-15T21:00Z,499,497
2021-04-15T21:15Z,200,10978
2021-04-15T21:15Z,304,6278
2021-04-15T21:15Z,404,919
2021-04-15T21:15Z,499,682
2021-04-15T21:15Z,302,1015
2021-04-15T21:30Z,200,10446
2021-04-15T21:30Z,304,5510
2021-04-15T21:30Z,404,357
2021-04-15T21:30Z,499,672
2021-04-15T21:45Z,200,8702
2021-04-15T21:45Z,304,5750
2021-04-15T21:45Z,404,1442
2021-04-15T22:00Z,200,7820
2021-04-15T22:00Z,304,6025
2021-04-15T22:00Z,404,2366
2021-04-15T22:00Z,302,865
2021-04-15T22:00Z,499,280
2021-04-15T22:15Z,200,8791
2021-04-15T22:15Z,304,6685
2021-04-15T22:15Z,404,1095
2021-04-15T22:30Z,200,11791
2021-04-15T22:30Z,304,6210
2021-04-15T22:30Z,404,295
2021-04-15T22:30Z,302,409
2021-04-15T22:45Z,200,11000
2021-04-15T22:45Z,304,6533
2021-04-15T22:45Z,404,828
2021-04-15T23:00Z,200,9070
2021-04-15T23:00Z,304,6864
2021-04-15T23:00Z,404,1158
2021-04-15T23:15Z,200,12234
2021-04-15T23:15Z,304,5847
2021-04-15T23:15Z,404,1516
2021-04-15T23:15Z,302,478
2021-04-15T23:30Z,200,9702
2021-04-15T23:30Z,304,5758
2021-04-15T23:30Z,404,392
2021-04-15T23:30Z,302,598
2021-04-15T23:45Z,200,13739
2021-04-15T23:45Z,304,4719
2021-04-15T23:45Z,404,1210
2021-04-15T23:45Z,499,340
2021-04-16,200,14590
2021-04-16,304,3494
2021-04-16,404,139
2021-04-16T00:15Z,200,11898
2021-04-16T00:15Z,304,4224
2021-04-16T00:15Z,404,1099
2021-04-16T00:15Z,499,499
2021-04-16T00:15Z,302,825
2021-04-16T00:30Z,200,10673
2021-04-16T00:30Z,304,4189
2021-04-16T00:30Z,404,2746
2021-04-16T00:30Z,499,981
2021-04-16T00:45Z,200,10277
2021-04-16T00:45Z,304,5135
2021-04-16T00:45Z,404,934
2021-04-16T00:45Z,503,145
2021-04-16T01:00Z,200,10430
2021-04-16T01:00Z,304,5016
2021-04-16T01:00Z,404,1141
2021-04-16T01:15Z,200,11364
2021-04-16T01:15Z,304,4928
2021-04-16T01:15Z,404,663
2021-04-16T01:30Z,200,8709
2021-04-16T01:30Z,304,3745
2021-04-16T01:30Z,404,1243
2021-04-16T01:45Z,200,7666
2021-04-16T01:45Z,304,3511
2021-04-16T01:45Z,404,1360
2021-04-16T02:00Z,200,8726
2021-04-16T02:00Z,304,3787
2021-04-16T02:00Z,404,1109
2021-04-16T02:15Z,200,12379
2021-04-16T02:15Z,304,4704
2021-04-16T02:15Z,404,714
2021-04-16T02:30Z,200,9778
2021-04-16T02:30Z,304,3910
2021-04-16T02:30Z,404,286
2021-04-16T02:45Z,200,7635
2021-04-16T02:45Z,304,4319
2021-04-16T02:45Z,404,1073
2021-04-16T03:00Z,200,8242
2021-04-16T03:00Z,304,4991
2021-04-16T03:00Z,404,234
2021-04-16T03:00Z,302,218
2021-04-16T03:00Z,499,236
2021-04-16T03:15Z,200,8991
2021-04-16T03:15Z,304,3716
2021-04-16T03:15Z,404,1123
2021-04-16T03:30Z,200,9686
2021-04-16T03:30Z,304,4714
2021-04-16T03:30Z,404,444
2021-04-16T03:30Z,499,26
2021-04-16T03:45Z,200,7458
2021-04-16T03:45Z,304,3886
2021-04-16T03:45Z,404,1501
2021-04-16T03:45Z,499,341
2021-04-16T04:00Z,200,6630
2021-04-16T04:00Z,304,4692
2021-04-16T04:00Z,404,540
2021-04-16T04:15Z,200,6437
2021-04-16T04:15Z,304,4326
2021-04-16T04:15Z,404,842
2021-04-16T04:15Z,500,799
2021-04-16T04:30Z,200,8578
2021-04-16T04:30Z,304,3677
2021-04-16T04:30Z,404,303
2021-04-16T04:30Z,302,649
2021-04-16T04:30Z,499,309
2021-04-16T04:45Z,200,14579
2021-04-16T04:45Z,304,4331
2021-04-16T04:45Z,404,884
2021-04-16T04:45Z,500,534
2021-04-16T05:00Z,200,10306
2021-04-16T05:00Z,304,3654
2021-04-16T05:00Z,404,824
2021-04-16T05:00Z,302,338
2021-04-16T05:15Z,200,5811
2021-04-16T05:15Z,304,4039
2021-04-16T05:15Z,404,697
2021-04-16T05:30Z,200,5897
2021-04-16T05:30Z,304,3631
2021-04-16T05:30Z,404,866
2021-04-16T05:45Z,200,12750
2021-04-16T05:45Z,304,4300
2021-04-16T05:45Z,404,957
2021-04-16T05:45Z,499,719
2021-04-16T05:45Z,302,297
2021-04-16T06:00Z,200,8129
2021-04-16T06:00Z,304,4180
2021-04-16T06:00Z,404,872
2021-04-16T06:00Z,499,107
2021-04-16T06:15Z,200,5986
2021-04-16T06:15Z,304,4412
2021-04-16T06:15Z,404,805
2021-04-16T06:30Z,200,7583
2021-04-16T06:30Z,304,5051
2021-04-16T06:30Z,404,907
2021-04-16T06:30Z,302,149
2021-04-16T06:45Z,200,7122
2021-04-16T06:45Z,304,6459
2021-04-16T06:45Z,404,1073
2021-04-16T06:45Z,500,621
2021-04-16T06:45Z,302,869
2021-04-16T07:00Z,200,9024
2021-04-16T07:00Z,304,4887
2021-04-16T07:00Z,404,1482
2021-04-16T07:00Z,302,320
2021-04-16T07:15Z,200,8536
2021-04-16T07:15Z,304,5442
2021-04-16T07:15Z,404,864
2021-04-16T07:15Z,302,245
2021-04-16T07:30Z,200,8567
2021-04-16T07:30Z,304,5245
2021-04-16T07:30Z,404,810
2021-04-16T07:30Z,302,707
2021-04-16T07:30Z,500,283
2021-04-16T07:45Z,200,8841
2021-04-16T07:45Z,304,6683
2021-04-16T07:45Z,404,1160
2021-04-16T08:00Z,200,8317
2021-04-16T08:00Z,304,4784
2021-04-16T08:00Z,404,349
2021-04-16T08:00Z,499,341
2021-04-16T08:15Z,200,11660
2021-04-16T08:15Z,304,6668
2021-04-16T08:15Z,404,1043
2021-04-16T08:15Z,500,946
2021-04-16T08:30Z,200,12199
2021-04-16T08:30Z,304,5980
2021-04-16T08:30Z,404,1031
2021-04-16T08:45Z,200,7862
2021-04-16T08:45Z,304,5276
2021-04-16T08:45Z,404,1148
2021-04-16T08:45Z,302,500
2021-04-16T09:00Z,200,10047
2021-04-16T09:00Z,304,5355
2021-04-16T09:00Z,404,1889
2021-04-16T09:00Z,302,180
2021-04-16T09:00Z,500,856
2021-04-16T09:15Z,200,7781
2021-04-16T09:15Z,304,6346
2021-04-16T09:15Z,404,924
2021-04-16T09:15Z,302,815
2021-04-16T09:30Z,200,9460
2021-04-16T09:30Z,304,4687
2021-04-16T09:30Z,404,619
2021-04-16T09:45Z,200,8366
2021-04-16T09:45Z,304,4870
2021-04-16T09:45Z,404,1287
2021-04-16T10:00Z,200,9545
2021-04-16T10:00Z,304,4944
2021-04-16T10:00Z,404,305
2021-04-16T10:00Z,302,607
2021-04-16T10:15Z,200,9244
2021-04-16T10:15Z,304,4932
2021-04-16T10:15Z,404,1073
2021-04-16T10:30Z,200,9189
2021-04-16T10:30Z,304,5448
2021-04-16T10:30Z,404,1113
2021-04-16T10:30Z,302,110
2021-04-16T10:45Z,200,9052
2021-04-16T10:45Z,304,5047
2021-04-16T10:45Z,404,365
2021-04-16T10:45Z,302,155
2021-04-16T11:00Z,200,9953
2021-04-16T11:00Z,304,4360
2021-04-16T11:00Z,404,1430
2021-04-16T11:00Z,302,474
2021-04-16T11:15Z,200,8033
2021-04-16T11:15Z,304,5245
2021-04-16T11:15Z,404,1038
2021-04-16T11:30Z,200,8209
2021-04-16T11:30Z,304,4732
2021-04-16T11:30Z,404,428
2021-04-16T11:30Z,499,573
2021-04-16T11:30Z,302,904
2021-04-16T11:45Z,200,8811
2021-04-16T11:45Z,304,5315
2021-04-16T11:45Z,404,772
2021-04-16T12:00Z,200,9319
2021-04-16T12:00Z,304,4916
2021-04-16T12:00Z,404,1386
2021-04-16T12:00Z,302,482
2021-04-16T12:15Z,200,8442
2021-04-16T12:15Z,304,5405
2021-04-16T12:15Z,404,786
2021-04-16T12:15Z,302,810
2021-04-16T12:15Z,500,784
2021-04-16T12:30Z,200,10958
2021-04-16T12:30Z,304,4592
2021-04-16T12:30Z,404,1341
2021-04-16T12:30Z,499,418
2021-04-16T12:45Z,200,10342
2021-04-16T12:45Z,304,6300
2021-04-16T12:45Z,404,1118
2021-04-16T13:00Z,200,9831
2021-04-16T13:00Z,304,4679
2021-04-16T13:00Z,404,1170
2021-04-16T13:00Z,302,275
2021-04-16T13:15Z,200,10768
2021-04-16T13:15Z,304,6197
2021-04-16T13:15Z,404,1467
2021-04-16T13:15Z,499,469
2021-04-16T13:15Z,302,241
2021-04-16T13:30Z,200,10697
2021-04-16T13:30Z,304,4791
2021-04-16T13:30Z,404,1473
2021-04-16T13:30Z,302,977
2021-04-16T13:45Z,200,11578
2021-04-16T13:45Z,304,6440
2021-04-16T13:45Z,404,1851
2021-04-16T13:45Z,499,54
2021-04-16T13:45Z,302,493
2021-04-16T13:45Z,503,362
2021-04-16T14:00Z,200,11492
2021-04-16T14:00Z,304,5398
2021-04-16T14:00Z,404,2197
2021-04-16T14:00Z,302,651
2021-04-16T14:00Z,503,933
2021-04-16T14:00Z,499,937
2021-04-16T14:15Z,200,12439
2021-04-16T14:15Z,304,6110
2021-04-16T14:15Z,404,2377
2021-04-16T14:15Z,302,29
2021-04-16T14:30Z,200,12115
2021-04-16T14:30Z,304,5516
2021-04-16T14:30Z,404,1006
2021-04-16T14:45Z,200,10998
2021-04-16T14:45Z,304,5951
2021-04-16T14:45Z,404,1834
2021-04-16T14:45Z,499,71
2021-04-16T15:00Z,200,11769
2021-04-16T15:00Z,304,6262
2021-04-16T15:00Z,404,3135
2021-04-16T15:00Z,403,717
2021-04-16T15:15Z,200,9110
2021-04-16T15:15Z,304,6661
2021-04-16T15:15Z,404,915
2021-04-16T15:15Z,302,661
2021-04-16T15:30Z,200,10129
2021-04-16T15:30Z,304,6290
2021-04-16T15:30Z,404,952
2021-04-16T15:30Z,499,754
2021-04-16T15:30Z,302,292
2021-04-16T15:45Z,200,9547
2021-04-16T15:45Z,304,4658
2021-04-16T15:45Z,404,1742
2021-04-16T15:45Z,302,827
2021-04-16T15:45Z,499,660
2021-04-16T16:00Z,200,10336
2021-04-16T16:00Z,304,4974
2021-04-16T16:00Z,404,2616
2021-04-16T16:00Z,302,804
2021-04-16T16:00Z,499,858
2021-04-16T16:15Z,200,10384
2021-04-16T16:15Z,304,4957
2021-04-16T16:15Z,404,1196
2021-04-16T16:15Z,499,620
2021-04-16T16:15Z,403,642
2021-04-16T16:30Z,200,8910
2021-04-16T16:30Z,304,5858
2021-04-16T16:30Z,404,643
2021-04-16T16:30Z,302,41
2021-04-16T16:30Z,499,313
2021-04-16T16:45Z,200,8398
2021-04-16T16:45Z,304,4609
2021-04-16T16:45Z,404,1069
2021-04-16T16:45Z,302,183
2021-04-16T16:45Z,499,590
2021-04-16T17:00Z,200,9707
2021-04-16T17:00Z,304,5221
2021-04-16T17:00Z,404,1701
2021-04-16T17:15Z,200,10309
2021-04-16T17:15Z,304,4460
2021-04-16T17:15Z,404,1157
2021-04-16T17:15Z,302,513
2021-04-16T17:30Z,200,7910
2021-04-16T17:30Z,304,4889
2021-04-16T17:30Z,404,596
2021-04-16T17:45Z,200,7417
2021-04-16T17:45Z,304,4394
2021-04-16T17:45Z,404,736
2021-04-16T18:00Z,200,11879
2021-04-16T18:00Z,304,5258
2021-04-16T18:00Z,403,420
2021-04-16T18:00Z,404,787
2021-04-16T18:15Z,200,12524
2021-04-16T18:15Z,304,6381
2021-04-16T18:15Z,403,662
2021-04-16T18:15Z,404,1072
2021-04-16T18:15Z,302,329
2021-04-16T18:30Z,200,15415
2021-04-16T18:30Z,304,6473
2021-04-16T18:30Z,404,1160
2021-04-16T18:30Z,403,586
2021-04-16T18:30Z,499,192
2021-04-16T18:30Z,500,409
2021-04-16T18:30Z,302,911
2021-04-16T18:45Z,200,10985
2021-04-16T18:45Z,304,4768
2021-04-16T18:45Z,404,1503
2021-04-16T18:45Z,403,1094
2021-04-16T18:45Z,302,886
2021-04-16T19:00Z,200,11132
2021-04-16T19:00Z,304,4551
2021-04-16T19:00Z,404,1397
2021-04-16T19:00Z,403,493
2021-04-16T19:00Z,302,102
2021-04-16T19:15Z,200,9788
2021-04-16T19:15Z,304,5046
2021-04-16T19:15Z,404,896
2021-04-16T19:15Z,403,471
2021-04-16T19:15Z,302,81
2021-04-16T19:30Z,200,11054
2021-04-16T19:30Z,304,4031
2021-04-16T19:30Z,404,2209
2021-04-16T19:30Z,403,507
2021-04-16T19:30Z,302,704
2021-04-16T19:45Z,200,10921
2021-04-16T19:45Z,304,3861
2021-04-16T19:45Z,404,555
2021-04-16T19:45Z,403,451
2021-04-16T19:45Z,302,416
2021-04-16T20:00Z,200,13187
2021-04-16T20:00Z,304,4162
2021-04-16T20:00Z,403,414
2021-04-16T20:00Z,404,1143
2021-04-16T20:00Z,499,628
2021-04-16T20:15Z,200,12619
2021-04-16T20:15Z,304,5335
2021-04-16T20:15Z,404,1487
2021-04-16T20:15Z,403,734
2021-04-16T20:15Z,302,474
2021-04-16T20:15Z,500,17
2021-04-16T20:30Z,200,10700
2021-04-16T20:30Z,304,4610
2021-04-16T20:30Z,404,683
2021-04-16T20:30Z,403,847
2021-04-16T20:30Z,499,287
2021-04-16T20:45Z,200,10354
2021-04-16T20:45Z,304,4840
2021-04-16T20:45Z,404,1825
2021-04-16T20:45Z,403,1216
2021-04-16T21:00Z,200,9945
2021-04-16T21:00Z,304,4037
2021-04-16T21:00Z,404,912
2021-04-16T21:00Z,403,454
2021-04-16T21:00Z,302,294
2021-04-16T21:15Z,200,7757
2021-04-16T21:15Z,304,4199
2021-04-16T21:15Z,403,1152
2021-04-16T21:15Z,404,1200
2021-04-16T21:15Z,499,292
2021-04-16T21:30Z,200,7909
2021-04-16T21:30Z,304,4706
2021-04-16T21:30Z,404,910
2021-04-16T21:30Z,403,1197
2021-04-16T21:45Z,200,7685
2021-04-16T21:45Z,304,4706
2021-04-16T21:45Z,404,1607
2021-04-16T21:45Z,403,624
2021-04-16T21:45Z,499,503
2021-04-16T21:45Z,302,542
2021-04-16T22:00Z,200,10875
2021-04-16T22:00Z,304,4645
2021-04-16T22:00Z,404,595
2021-04-16T22:00Z,403,932
2021-04-16T22:15Z,200,7741
2021-04-16T22:15Z,304,4138
2021-04-16T22:15Z,404,1411
2021-04-16T22:15Z,403,1088
2021-04-16T22:30Z,200,7941
2021-04-16T22:30Z,304,4069
2021-04-16T22:30Z,404,1035
2021-04-16T22:30Z,403,1023
2021-04-16T22:30Z,499,552
2021-04-16T22:45Z,200,6588
2021-04-16T22:45Z,304,3490
2021-04-16T22:45Z,404,1549
2021-04-16T22:45Z,403,1253
2021-04-16T22:45Z,302,702
2021-04-16T23:00Z,200,5486
2021-04-16T23:00Z,304,2919
2021-04-16T23:00Z,404,1162
2021-04-16T23:00Z,403,1279
2021-04-16T23:00Z,302,727
2021-04-16T23:15Z,200,6378
2021-04-16T23:15Z,304,3573
2021-04-16T23:15Z,404,1495
2021-04-16T23:15Z,403,958
2021-04-16T23:15Z,500,464
2021-04-16T23:15Z,302,817
2021-04-16T23:30Z,200,5888
2021-04-16T23:30Z,304,3937
2021-04-16T23:30Z,403,954
2021-04-16T23:30Z,404,742
2021-04-16T23:45Z,200,6694
2021-04-16T23:45Z,304,3296
2021-04-16T23:45Z,404,1362
2021-04-16T23:45Z,403,685
2021-04-16T23:45Z,499,753
2021-04-17,200,8218
2021-04-17,304,3240
2021-04-17,404,1023
2021-04-17,403,823
2021-04-17T00:15Z,200,7070
2021-04-17T00:15Z,304,2763
2021-04-17T00:15Z,404,2149
2021-04-17T00:15Z,403,1050
2021-04-17T00:30Z,200,6150
2021-04-17T00:30Z,304,2636
2021-04-17T00:30Z,403,612
2021-04-17T00:30Z,404,670
2021-04-17T00:45Z,200,6989
2021-04-17T00:45Z,304,3600
2021-04-17T00:45Z,404,1180
2021-04-17T00:45Z,403,1054
2021-04-17T00:45Z,499,648
2021-04-17T00:45Z,302,872
2021-04-17T01:00Z,200,6251
2021-04-17T01:00Z,304,3202
2021-04-17T01:00Z,403,372
2021-04-17T01:00Z,404,1276
2021-04-17T01:15Z,200,5971
2021-04-17T01:15Z,304,2992
2021-04-17T01:15Z,403,1198
2021-04-17T01:15Z,404,879
2021-04-17T01:30Z,200,6116
2021-04-17T01:30Z,304,2924
2021-04-17T01:30Z,404,825
2021-04-17T01:30Z,403,887
2021-04-17T01:45Z,200,7033
2021-04-17T01:45Z,304,2317
2021-04-17T01:45Z,403,1047
2021-04-17T01:45Z,404,710
2021-04-17T02:00Z,200,6057
2021-04-17T02:00Z,304,2809
2021-04-17T02:00Z,403,739
2021-04-17T02:00Z,404,1002
2021-04-17T02:00Z,302,306
2021-04-17T02:15Z,200,5376
2021-04-17T02:15Z,304,2975
2021-04-17T02:15Z,403,1225
2021-04-17T02:15Z,404,309
2021-04-17T02:15Z,302,28
2021-04-17T02:15Z,499,153
2021-04-17T02:30Z,200,4855
2021-04-17T02:30Z,304,2659
2021-04-17T02:30Z,403,872
2021-04-17T02:30Z,404,911
2021-04-17T02:45Z,200,4800
2021-04-17T02:45Z,304,2372
2021-04-17T02:45Z,404,946
2021-04-17T02:45Z,403,1071
2021-04-17T03:00Z,200,4893
2021-04-17T03:00Z,304,2301
2021-04-17T03:00Z,404,1390
2021-04-17T03:00Z,403,1115
2021-04-17T03:00Z,302,179
2021-04-17T03:15Z,200,5054
2021-04-17T03:15Z,304,3237
2021-04-17T03:15Z,404,1472
2021-04-17T03:15Z,403,823
2021-04-17T03:15Z,302,431
2021-04-17T03:15Z,401,447
2021-04-17T03:30Z,200,8992
2021-04-17T03:30Z,304,2669
2021-04-17T03:30Z,403,768
2021-04-17T03:30Z,404,641
2021-04-17T03:30Z,302,114
2021-04-17T03:45Z,200,6539
2021-04-17T03:45Z,304,2834
2021-04-17T03:45Z,403,1148
2021-04-17T03:45Z,404,747
2021-04-17T03:45Z,302,305
2021-04-17T04:00Z,200,11501
2021-04-17T04:00Z,304,2400
2021-04-17T04:00Z,404,740
2021-04-17T04:00Z,403,932
2021-04-17T04:15Z,200,6162
2021-04-17T04:15Z,304,2687
2021-04-17T04:15Z,404,1902
2021-04-17T04:15Z,403,1152
2021-04-17T04:30Z,200,7123
2021-04-17T04:30Z,304,2850
2021-04-17T04:30Z,404,1812
2021-04-17T04:30Z,403,436
2021-04-17T04:30Z,499,659
2021-04-17T04:45Z,200,6688
2021-04-17T04:45Z,304,2917
2021-04-17T04:45Z,404,1267
2021-04-17T04:45Z,403,1126
2021-04-17T04:45Z,302,141
2021-04-17T04:45Z,500,998
2021-04-17T05:00Z,200,4968
2021-04-17T05:00Z,304,2547
2021-04-17T05:00Z,403,385
2021-04-17T05:00Z,404,459
2021-04-17T05:15Z,200,7494
2021-04-17T05:15Z,304,3428
2021-04-17T05:15Z,403,1104
2021-04-17T05:15Z,404,650
2021-04-17T05:15Z,302,567
2021-04-17T05:30Z,200,6224
2021-04-17T05:30Z,304,3564
2021-04-17T05:30Z,403,1141
2021-04-17T05:30Z,404,1026
2021-04-17T05:30Z,401,498
2021-04-17T05:30Z,500,570
2021-04-17T05:45Z,200,5778
2021-04-17T05:45Z,304,2820
2021-04-17T05:45Z,403,1137
2021-04-17T05:45Z,404,427
2021-04-17T05:45Z,302,596
2021-04-17T06:00Z,200,6536
2021-04-17T06:00Z,304,3162
2021-04-17T06:00Z,403,937
2021-04-17T06:00Z,404,373
2021-04-17T06:00Z,302,654
2021-04-17T06:15Z,200,5845
2021-04-17T06:15Z,304,2930
2021-04-17T06:15Z,404,1825
2021-04-17T06:15Z,403,832
2021-04-17T06:15Z,302,498
2021-04-17T06:30Z,200,4654
2021-04-17T06:30Z,304,3725
2021-04-17T06:30Z,404,1006
2021-04-17T06:30Z,403,941
2021-04-17T06:30Z,302,811
2021-04-17T06:45Z,200,4636
2021-04-17T06:45Z,304,3019
2021-04-17T06:45Z,404,1211
2021-04-17T06:45Z,403,515
2021-04-17T07:00Z,200,7957
2021-04-17T07:00Z,304,3144
2021-04-17T07:00Z,404,1437
2021-04-17T07:00Z,403,870
2021-04-17T07:15Z,200,5858
2021-04-17T07:15Z,304,2925
2021-04-17T07:15Z,403,648
2021-04-17T07:15Z,404,574
2021-04-17T07:15Z,302,87
2021-04-17T07:30Z,200,7548
2021-04-17T07:30Z,304,3130
2021-04-17T07:30Z,404,841
2021-04-17T07:30Z,403,368
2021-04-17T07:45Z,200,5457
2021-04-17T07:45Z,304,3512
2021-04-17T07:45Z,403,578
2021-04-17T07:45Z,404,781
2021-04-17T07:45Z,302,139
2021-04-17T08:00Z,200,6546
2021-04-17T08:00Z,304,3659
2021-04-17T08:00Z,403,1146
2021-04-17T08:00Z,404,946
2021-04-17T08:00Z,302,486
2021-04-17T08:00Z,500,10
2021-04-17T08:15Z,200,5730
2021-04-17T08:15Z,304,2819
2021-04-17T08:15Z,404,984
2021-04-17T08:15Z,403,609
2021-04-17T08:15Z,302,456
2021-04-17T08:30Z,200,6362
2021-04-17T08:30Z,304,2587
2021-04-17T08:30Z,404,904
2021-04-17T08:30Z,403,726
2021-04-17T08:45Z,200,4582
2021-04-17T08:45Z,304,3255
2021-04-17T08:45Z,404,799
2021-04-17T08:45Z,403,468
2021-04-17T09:00Z,200,7721
2021-04-17T09:00Z,304,3496
2021-04-17T09:00Z,403,618
2021-04-17T09:00Z,404,574
2021-04-17T09:00Z,302,993
2021-04-17T09:15Z,200,4284
2021-04-17T09:15Z,304,2574
2021-04-17T09:15Z,403,994
2021-04-17T09:15Z,404,604
2021-04-17T09:30Z,200,4807
2021-04-17T09:30Z,304,3743
2021-04-17T09:30Z,403,738
2021-04-17T09:30Z,404,1055
2021-04-17T09:45Z,200,5237
2021-04-17T09:45Z,304,3519
2021-04-17T09:45Z,403,620
2021-04-17T09:45Z,404,1032
2021-04-17T10:00Z,200,5147
2021-04-17T10:00Z,304,2913
2021-04-17T10:00Z,403,938
2021-04-17T10:00Z,404,795
2021-04-17T10:15Z,200,5195
2021-04-17T10:15Z,304,3243
2021-04-17T10:15Z,403,745
2021-04-17T10:15Z,404,267
2021-04-17T10:30Z,200,4949
2021-04-17T10:30Z,304,3158
2021-04-17T10:30Z,403,400
2021-04-17T10:30Z,404,1092
2021-04-17T10:45Z,200,7482
2021-04-17T10:45Z,304,4197
2021-04-17T10:45Z,403,395
2021-04-17T10:45Z,404,249
2021-04-17T11:00Z,200,6159
2021-04-17T11:00Z,304,4080
2021-04-17T11:00Z,403,599
2021-04-17T11:00Z,404,1136
2021-04-17T11:15Z,200,5678
2021-04-17T11:15Z,304,3472
2021-04-17T11:15Z,404,1222
2021-04-17T11:15Z,403,485
2021-04-17T11:30Z,200,4302
2021-04-17T11:30Z,304,3124
2021-04-17T11:30Z,404,1129
2021-04-17T11:30Z,403,403
2021-04-17T11:30Z,302,687
2021-04-17T11:45Z,200,4976
2021-04-17T11:45Z,304,3127
2021-04-17T11:45Z,404,1541
2021-04-17T11:45Z,403,317
2021-04-17T12:00Z,200,4030
2021-04-17T12:00Z,304,3757
2021-04-17T12:00Z,404,1410
2021-04-17T12:00Z,403,468
2021-04-17T12:15Z,200,4307
2021-04-17T12:15Z,304,3264
2021-04-17T12:15Z,404,1080
2021-04-17T12:15Z,403,364
2021-04-17T12:30Z,200,5270
2021-04-17T12:30Z,304,3581
2021-04-17T12:30Z,404,991
2021-04-17T12:30Z,403,1131
2021-04-17T12:45Z,200,8933
2021-04-17T12:45Z,304,4053
2021-04-17T12:45Z,404,1314
2021-04-17T12:45Z,403,608
2021-04-17T13:00Z,200,5163
2021-04-17T13:00Z,304,3232
2021-04-17T13:00Z,404,1441
2021-04-17T13:00Z,403,1129
2021-04-17T13:00Z,499,626
2021-04-17T13:15Z,200,4688
2021-04-17T13:15Z,304,3676
2021-04-17T13:15Z,404,785
2021-04-17T13:15Z,403,1277
2021-04-17T13:30Z,200,6728
2021-04-17T13:30Z,304,3456
2021-04-17T13:30Z,404,576
2021-04-17T13:30Z,403,834
2021-04-17T13:45Z,200,6970
2021-04-17T13:45Z,304,3224
2021-04-17T13:45Z,403,1175
2021-04-17T13:45Z,404,576
2021-04-17T14:00Z,200,6666
2021-04-17T14:00Z,304,3941
2021-04-17T14:00Z,404,473
2021-04-17T14:00Z,403,1216
2021-04-17T14:00Z,499,356
2021-04-17T14:15Z,200,9464
2021-04-17T14:15Z,304,4515
2021-04-17T14:15Z,404,1836
2021-04-17T14:15Z,403,505
2021-04-17T14:30Z,200,6578
2021-04-17T14:30Z,304,4273
2021-04-17T14:30Z,404,1387
2021-04-17T14:30Z,403,749
2021-04-17T14:45Z,200,9910
2021-04-17T14:45Z,304,4246
2021-04-17T14:45Z,403,1241
2021-04-17T14:45Z,404,1047
2021-04-17T15:00Z,200,7512
2021-04-17T15:00Z,304,3811
2021-04-17T15:00Z,403,1200
2021-04-17T15:00Z,404,407
2021-04-17T15:00Z,499,1015
2021-04-17T15:15Z,200,6571
2021-04-17T15:15Z,304,4449
2021-04-17T15:15Z,404,1262
2021-04-17T15:15Z,403,895
2021-04-17T15:30Z,200,8776
2021-04-17T15:30Z,304,3779
2021-04-17T15:30Z,404,2012
2021-04-17T15:30Z,403,942
2021-04-17T15:45Z,200,8263
2021-04-17T15:45Z,304,3700
2021-04-17T15:45Z,404,1797
2021-04-17T15:45Z,403,1142
2021-04-17T15:45Z,500,378
2021-04-17T15:45Z,302,791
2021-04-17T16:00Z,200,5920
2021-04-17T16:00Z,304,4367
2021-04-17T16:00Z,404,2242
2021-04-17T16:00Z,403,1115
2021-04-17T16:00Z,302,671
2021-04-17T16:15Z,200,8376
2021-04-17T16:15Z,304,3983
2021-04-17T16:15Z,403,646
2021-04-17T16:15Z,404,1285
2021-04-17T16:15Z,302,25
2021-04-17T16:30Z,200,7129
2021-04-17T16:30Z,304,3612
2021-04-17T16:30Z,404,1685
2021-04-17T16:30Z,403,719
2021-04-17T16:45Z,200,10137
2021-04-17T16:45Z,304,3486
2021-04-17T16:45Z,404,1445
2021-04-17T16:45Z,403,675
2021-04-17T16:45Z,302,582
2021-04-17T17:00Z,404,7850
2021-04-17T17:00Z,200,7603
2021-04-17T17:00Z,304,3052
2021-04-17T17:15Z,200,6056
2021-04-17T17:15Z,304,3599
2021-04-17T17:15Z,404,1288
2021-04-17T17:15Z,302,668
2021-04-17T17:30Z,200,7780
2021-04-17T17:30Z,304,4174
2021-04-17T17:30Z,404,1576
2021-04-17T17:45Z,200,8009
2021-04-17T17:45Z,304,4277
2021-04-17T17:45Z,404,626
2021-04-17T18:00Z,200,5738
2021-04-17T18:00Z,304,3571
2021-04-17T18:00Z,404,589
2021-04-17T18:15Z,200,5269
2021-04-17T18:15Z,304,3864
2021-04-17T18:15Z,404,243
2021-04-17T18:15Z,500,684
2021-04-17T18:15Z,499,266
2021-04-17T18:30Z,200,6289
2021-04-17T18:30Z,304,2895
2021-04-17T18:30Z,404,553
2021-04-17T18:30Z,499,552
2021-04-17T18:45Z,200,8425
2021-04-17T18:45Z,304,3747
2021-04-17T18:45Z,404,2290
2021-04-17T18:45Z,302,180
2021-04-17T19:00Z,200,8237
2021-04-17T19:00Z,304,4827
2021-04-17T19:00Z,404,1728
2021-04-17T19:15Z,200,6436
2021-04-17T19:15Z,304,4064
2021-04-17T19:15Z,404,2661
2021-04-17T19:30Z,200,6783
2021-04-17T19:30Z,304,3667
2021-04-17T19:30Z,404,3046
2021-04-17T19:30Z,302,36
2021-04-17T19:45Z,200,7312
2021-04-17T19:45Z,304,3929
2021-04-17T19:45Z,404,1250
2021-04-17T19:45Z,302,595
2021-04-17T20:00Z,200,8278
2021-04-17T20:00Z,304,3936
2021-04-17T20:00Z,404,1101
2021-04-17T20:00Z,500,116
2021-04-17T20:15Z,200,8145
2021-04-17T20:15Z,304,4418
2021-04-17T20:15Z,404,1368
2021-04-17T20:15Z,302,24
2021-04-17T20:30Z,200,8983
2021-04-17T20:30Z,304,4160
2021-04-17T20:30Z,404,1222
2021-04-17T20:30Z,302,241
2021-04-17T20:30Z,503,372
2021-04-17T20:45Z,200,10207
2021-04-17T20:45Z,304,3732
2021-04-17T20:45Z,404,411
2021-04-17T20:45Z,503,166
2021-04-17T20:45Z,302,66
2021-04-17T21:00Z,200,7335
2021-04-17T21:00Z,304,3963
2021-04-17T21:00Z,404,1250
2021-04-17T21:00Z,302,914
2021-04-17T21:15Z,200,6796
2021-04-17T21:15Z,304,3590
2021-04-17T21:15Z,404,344
2021-04-17T21:30Z,200,7150
2021-04-17T21:30Z,304,3437
2021-04-17T21:30Z,404,683
2021-04-17T21:30Z,499,789
2021-04-17T21:30Z,302,998
2021-04-17T21:45Z,200,6730
2021-04-17T21:45Z,304,2990
2021-04-17T21:45Z,404,611
2021-04-17T21:45Z,302,733
2021-04-17T22:00Z,200,7003
2021-04-17T22:00Z,304,3056
2021-04-17T22:00Z,404,845
2021-04-17T22:15Z,200,5391
2021-04-17T22:15Z,304,3678
2021-04-17T22:15Z,404,1255
2021-04-17T22:15Z,499,520
2021-04-17T22:15Z,302,288
2021-04-17T22:15Z,500,453
2021-04-17T22:30Z,200,6972
2021-04-17T22:30Z,304,2824
2021-04-17T22:30Z,404,1137
2021-04-17T22:45Z,200,7947
2021-04-17T22:45Z,304,3055
2021-04-17T22:45Z,404,561
2021-04-17T23:00Z,200,6145
2021-04-17T23:00Z,304,2257
2021-04-17T23:00Z,404,930
2021-04-17T23:15Z,200,5534
2021-04-17T23:15Z,304,2623
2021-04-17T23:15Z,404,743
2021-04-17T23:30Z,200,5710
2021-04-17T23:30Z,304,3202
2021-04-17T23:30Z,404,1111
2021-04-17T23:30Z,499,366
2021-04-17T23:45Z,200,5814
2021-04-17T23:45Z,304,2895
2021-04-17T23:45Z,404,263
2021-04-18,200,7820
2021-04-18,304,3737
2021-04-18,404,2419
2021-04-18,401,926
2021-04-18,302,110
2021-04-18T00:15Z,200,5965
2021-04-18T00:15Z,304,2438
2021-04-18T00:15Z,404,2112
2021-04-18T00:30Z,200,5404
2021-04-18T00:30Z,304,2806
2021-04-18T00:30Z,404,510
2021-04-18T00:45Z,200,9370
2021-04-18T00:45Z,304,2633
2021-04-18T00:45Z,404,478
2021-04-18T00:45Z,499,167
2021-04-18T00:45Z,302,780
2021-04-18T01:00Z,200,6101
2021-04-18T01:00Z,304,2698
2021-04-18T01:00Z,404,1450
2021-04-18T01:00Z,302,260
2021-04-18T01:15Z,200,8208
2021-04-18T01:15Z,304,2828
2021-04-18T01:15Z,404,575
2021-04-18T01:15Z,403,266
2021-04-18T01:30Z,200,8729
2021-04-18T01:30Z,304,2245
2021-04-18T01:30Z,404,1511
2021-04-18T01:45Z,200,7943
2021-04-18T01:45Z,304,2390
2021-04-18T01:45Z,404,652
2021-04-18T02:00Z,200,11659
2021-04-18T02:00Z,304,3261
2021-04-18T02:00Z,404,509
2021-04-18T02:15Z,200,9654
2021-04-18T02:15Z,304,2750
2021-04-18T02:15Z,404,1266
2021-04-18T02:30Z,200,11206
2021-04-18T02:30Z,304,3251
2021-04-18T02:30Z,404,797
2021-04-18T02:45Z,200,15094
2021-04-18T02:45Z,304,3345
2021-04-18T02:45Z,404,1203
2021-04-18T03:00Z,200,12685
2021-04-18T03:00Z,304,2335
2021-04-18T03:00Z,404,1250
2021-04-18T03:15Z,200,10005
2021-04-18T03:15Z,304,3305
2021-04-18T03:15Z,404,1991
2021-04-18T03:30Z,200,7747
2021-04-18T03:30Z,304,2808
2021-04-18T03:30Z,404,1890
2021-04-18T03:45Z,200,7911
2021-04-18T03:45Z,304,2461
2021-04-18T03:45Z,404,1488
2021-04-18T04:00Z,200,9860
2021-04-18T04:00Z,304,2654
2021-04-18T04:00Z,404,1731
2021-04-18T04:00Z,403,405
2021-04-18T04:00Z,499,670
2021-04-18T04:15Z,200,10359
2021-04-18T04:15Z,304,2968
2021-04-18T04:15Z,404,2701
2021-04-18T04:15Z,302,631
2021-04-18T04:30Z,200,8694
2021-04-18T04:30Z,304,2194
2021-04-18T04:30Z,404,2384
2021-04-18T04:30Z,499,684
2021-04-18T04:45Z,200,10740
2021-04-18T04:45Z,304,3179
2021-04-18T04:45Z,404,1315
2021-04-18T05:00Z,200,7200
2021-04-18T05:00Z,304,3171
2021-04-18T05:00Z,404,1460
2021-04-18T05:15Z,200,6833
2021-04-18T05:15Z,304,3088
2021-04-18T05:15Z,404,1160
2021-04-18T05:15Z,302,484
2021-04-18T05:30Z,200,6702
2021-04-18T05:30Z,304,2350
2021-04-18T05:30Z,404,994
2021-04-18T05:45Z,200,6496
2021-04-18T05:45Z,304,2528
2021-04-18T05:45Z,404,538
2021-04-18T05:45Z,499,728
2021-04-18T06:00Z,200,6543
2021-04-18T06:00Z,304,3198
2021-04-18T06:00Z,404,849
2021-04-18T06:15Z,200,5629
2021-04-18T06:15Z,304,3121
2021-04-18T06:15Z,404,479
2021-04-18T06:30Z,200,7468
2021-04-18T06:30Z,304,3233
2021-04-18T06:30Z,404,1109
2021-04-18T06:45Z,200,9272
2021-04-18T06:45Z,304,2951
2021-04-18T06:45Z,404,687
2021-04-18T06:45Z,403,422
2021-04-18T07:00Z,200,5553
2021-04-18T07:00Z,304,3136
2021-04-18T07:00Z,404,860
2021-04-18T07:15Z,200,6355
2021-04-18T07:15Z,304,3345
2021-04-18T07:15Z,404,1121
2021-04-18T07:15Z,302,942
2021-04-18T07:30Z,200,6082
2021-04-18T07:30Z,304,2901
2021-04-18T07:30Z,404,1398
2021-04-18T07:45Z,200,7141
2021-04-18T07:45Z,304,4292
2021-04-18T07:45Z,404,280
2021-04-18T08:00Z,200,6687
2021-04-18T08:00Z,304,3710
2021-04-18T08:00Z,404,966
2021-04-18T08:15Z,200,5820
2021-04-18T08:15Z,304,3552
2021-04-18T08:15Z,404,1541
2021-04-18T08:15Z,500,629
2021-04-18T08:30Z,200,5427
2021-04-18T08:30Z,304,2821
2021-04-18T08:30Z,404,594
2021-04-18T08:45Z,200,8964
2021-04-18T08:45Z,304,2756
2021-04-18T08:45Z,404,605
2021-04-18T09:00Z,200,6835
2021-04-18T09:00Z,304,3521
2021-04-18T09:00Z,404,924
2021-04-18T09:15Z,200,8490
2021-04-18T09:15Z,304,3959
2021-04-18T09:15Z,404,1792
2021-04-18T09:30Z,200,5105
2021-04-18T09:30Z,304,3799
2021-04-18T09:30Z,404,419
2021-04-18T09:45Z,200,7653
2021-04-18T09:45Z,304,3245
2021-04-18T09:45Z,404,556
2021-04-18T09:45Z,302,132
2021-04-18T10:00Z,200,6769
2021-04-18T10:00Z,304,3648
2021-04-18T10:00Z,404,616
2021-04-18T10:15Z,200,8067
2021-04-18T10:15Z,304,3469
2021-04-18T10:15Z,404,358
2021-04-18T10:15Z,499,287
2021-04-18T10:15Z,500,480
2021-04-18T10:30Z,200,5172
2021-04-18T10:30Z,304,3702
2021-04-18T10:30Z,404,425
2021-04-18T10:30Z,302,894
2021-04-18T10:45Z,200,8964
2021-04-18T10:45Z,304,3239
2021-04-18T10:45Z,404,834
2021-04-18T11:00Z,200,7128
2021-04-18T11:00Z,304,3502
2021-04-18T11:00Z,404,713
2021-04-18T11:15Z,200,5367
2021-04-18T11:15Z,304,3864
2021-04-18T11:15Z,404,799
2021-04-18T11:30Z,200,6742
2021-04-18T11:30Z,304,3225
2021-04-18T11:30Z,404,535
2021-04-18T11:30Z,401,19
2021-04-18T11:45Z,200,5514
2021-04-18T11:45Z,304,2573
2021-04-18T11:45Z,404,731
2021-04-18T12:00Z,200,5789
2021-04-18T12:00Z,304,3816
2021-04-18T12:00Z,404,951
2021-04-18T12:15Z,200,6537
2021-04-18T12:15Z,304,4058
2021-04-18T12:15Z,404,472
2021-04-18T12:30Z,200,5888
2021-04-18T12:30Z,304,3753
2021-04-18T12:30Z,404,3138
2021-04-18T12:45Z,200,8790
2021-04-18T12:45Z,404,5646
2021-04-18T12:45Z,304,3464
2021-04-18T13:00Z,200,5873
2021-04-18T13:00Z,304,3618
2021-04-18T13:00Z,404,3287
2021-04-18T13:15Z,200,7319
2021-04-18T13:15Z,304,3385
2021-04-18T13:15Z,404,1830
2021-04-18T13:15Z,499,204
2021-04-18T13:30Z,200,7060
2021-04-18T13:30Z,304,3546
2021-04-18T13:30Z,404,837
2021-04-18T13:30Z,499,263
2021-04-18T13:45Z,200,7461
2021-04-18T13:45Z,304,3826
2021-04-18T13:45Z,404,829
2021-04-18T14:00Z,200,7635
2021-04-18T14:00Z,304,3713
2021-04-18T14:00Z,404,1792
2021-04-18T14:15Z,200,5327
2021-04-18T14:15Z,304,3477
2021-04-18T14:15Z,404,2494
2021-04-18T14:30Z,200,6947
2021-04-18T14:30Z,304,4260
2021-04-18T14:30Z,404,963
2021-04-18T14:30Z,403,868
2021-04-18T14:45Z,200,9461
2021-04-18T14:45Z,304,4280
2021-04-18T14:45Z,404,1741
2021-04-18T15:00Z,200,7185
2021-04-18T15:00Z,304,4396
2021-04-18T15:00Z,404,872
2021-04-18T15:00Z,302,612
2021-04-18T15:00Z,500,821
2021-04-18T15:15Z,200,10360
2021-04-18T15:15Z,304,4552
2021-04-18T15:15Z,404,341
2021-04-18T15:30Z,200,7462
2021-04-18T15:30Z,304,4395
2021-04-18T15:30Z,404,833
2021-04-18T15:30Z,302,93
2021-04-18T15:45Z,200,5985
2021-04-18T15:45Z,304,3542
2021-04-18T15:45Z,404,708
2021-04-18T15:45Z,499,121
2021-04-18T15:45Z,500,1006
2021-04-18T16:00Z,200,7409
2021-04-18T16:00Z,304,3727
2021-04-18T16:00Z,404,851
2021-04-18T16:00Z,500,695
2021-04-18T16:15Z,200,7538
2021-04-18T16:15Z,304,3366
2021-04-18T16:15Z,404,1348
2021-04-18T16:15Z,499,46
2021-04-18T16:30Z,200,10348
2021-04-18T16:30Z,304,3844
2021-04-18T16:30Z,404,1255
2021-04-18T16:30Z,499,650
2021-04-18T16:45Z,200,6658
2021-04-18T16:45Z,304,3583
2021-04-18T16:45Z,404,1353
2021-04-18T16:45Z,499,535
2021-04-18T17:00Z,200,7447
2021-04-18T17:00Z,304,2605
2021-04-18T17:00Z,404,1228
2021-04-18T17:00Z,499,492
2021-04-18T17:00Z,500,372
2021-04-18T17:15Z,200,6500
2021-04-18T17:15Z,304,3677
2021-04-18T17:15Z,404,415
2021-04-18T17:15Z,499,585
2021-04-18T17:30Z,200,8193
2021-04-18T17:30Z,304,3695
2021-04-18T17:30Z,404,684
2021-04-18T17:30Z,499,316
2021-04-18T17:45Z,200,8087
2021-04-18T17:45Z,304,3859
2021-04-18T17:45Z,404,426
2021-04-18T18:00Z,200,10903
2021-04-18T18:00Z,304,3581
2021-04-18T18:00Z,404,806
2021-04-18T18:00Z,403,124
2021-04-18T18:00Z,302,645
2021-04-18T18:00Z,499,368
2021-04-18T18:15Z,200,8224
2021-04-18T18:15Z,304,3534
2021-04-18T18:15Z,404,444
2021-04-18T18:30Z,200,11391
2021-04-18T18:30Z,304,4042
2021-04-18T18:30Z,404,868
2021-04-18T18:45Z,200,11122
2021-04-18T18:45Z,304,4054
2021-04-18T18:45Z,404,1114
2021-04-18T19:00Z,200,10673
2021-04-18T19:00Z,304,3452
2021-04-18T19:00Z,404,2571
2021-04-18T19:15Z,200,9844
2021-04-18T19:15Z,304,3272
2021-04-18T19:15Z,404,1885
2021-04-18T19:30Z,200,7293
2021-04-18T19:30Z,304,4206
2021-04-18T19:30Z,404,509
2021-04-18T19:30Z,499,255
2021-04-18T19:30Z,302,245
2021-04-18T19:45Z,200,10925
2021-04-18T19:45Z,304,4316
2021-04-18T19:45Z,404,1196
2021-04-18T20:00Z,200,9544
2021-04-18T20:00Z,304,3197
2021-04-18T20:00Z,404,1314
2021-04-18T20:00Z,302,720
2021-04-18T20:00Z,499,261
2021-04-18T20:15Z,200,8524
2021-04-18T20:15Z,304,3346
2021-04-18T20:15Z,404,1491
2021-04-18T20:15Z,302,528
2021-04-18T20:30Z,200,7719
2021-04-18T20:30Z,304,3990
2021-04-18T20:30Z,404,1146
2021-04-18T20:45Z,200,10198
2021-04-18T20:45Z,304,3063
2021-04-18T20:45Z,404,2057
2021-04-18T20:45Z,302,712
2021-04-18T20:45Z,401,775
2021-04-18T21:00Z,200,9449
2021-04-18T21:00Z,304,3110
2021-04-18T21:00Z,404,1344
2021-04-18T21:00Z,302,357
2021-04-18T21:00Z,503,25
2021-04-18T21:00Z,499,439
2021-04-18T21:15Z,200,6807
2021-04-18T21:15Z,304,3444
2021-04-18T21:15Z,404,1876
2021-04-18T21:15Z,302,923
2021-04-18T21:30Z,200,7257
2021-04-18T21:30Z,304,3251
2021-04-18T21:30Z,404,553
2021-04-18T21:30Z,499,597
2021-04-18T21:45Z,200,11018
2021-04-18T21:45Z,304,3708
2021-04-18T21:45Z,404,628
2021-04-18T22:00Z,200,8006
2021-04-18T22:00Z,304,3022
2021-04-18T22:00Z,404,957
2021-04-18T22:15Z,200,8546
2021-04-18T22:15Z,304,4124
2021-04-18T22:15Z,404,1397
2021-04-18T22:15Z,499,544
2021-04-18T22:30Z,200,6667
2021-04-18T22:30Z,304,3127
2021-04-18T22:30Z,404,1514
2021-04-18T22:45Z,200,9415
2021-04-18T22:45Z,304,2364
2021-04-18T22:45Z,404,451
2021-04-18T23:00Z,200,7130
2021-04-18T23:00Z,304,3070
2021-04-18T23:00Z,404,1334
2021-04-18T23:15Z,200,6523
2021-04-18T23:15Z,304,3360
2021-04-18T23:15Z,404,1612
2021-04-18T23:30Z,200,6921
2021-04-18T23:30Z,304,3490
2021-04-18T23:30Z,404,2036
2021-04-18T23:45Z,200,6117
2021-04-18T23:45Z,304,3175
2021-04-18T23:45Z,404,1407
2021-04-19,200,8078
2021-04-19,304,3415
2021-04-19,404,1389
2021-04-19,499,188
2021-04-19T00:15Z,200,5660
2021-04-19T00:15Z,304,2917
2021-04-19T00:15Z,404,948
2021-04-19T00:30Z,200,8533
2021-04-19T00:30Z,304,3315
2021-04-19T00:30Z,404,755
2021-04-19T00:45Z,200,8267
2021-04-19T00:45Z,304,2890
2021-04-19T00:45Z,404,1587
2021-04-19T01:00Z,200,7540
2021-04-19T01:00Z,304,3174
2021-04-19T01:00Z,404,860
2021-04-19T01:00Z,499,80
2021-04-19T01:15Z,200,6940
2021-04-19T01:15Z,304,3825
2021-04-19T01:15Z,404,1771
2021-04-19T01:30Z,200,11851
2021-04-19T01:30Z,304,4805
2021-04-19T01:30Z,404,1141
2021-04-19T01:30Z,499,224
2021-04-19T01:45Z,200,7583
2021-04-19T01:45Z,304,3604
2021-04-19T01:45Z,404,1271
2021-04-19T02:00Z,200,8762
2021-04-19T02:00Z,304,3989
2021-04-19T02:00Z,404,1876
2021-04-19T02:00Z,499,559
2021-04-19T02:15Z,200,7666
2021-04-19T02:15Z,304,3858
2021-04-19T02:15Z,404,1745
2021-04-19T02:30Z,200,7705
2021-04-19T02:30Z,304,3965
2021-04-19T02:30Z,404,439
2021-04-19T02:30Z,499,190
2021-04-19T02:45Z,200,7094
2021-04-19T02:45Z,304,4098
2021-04-19T02:45Z,404,1487
2021-04-19T03:00Z,200,7843
2021-04-19T03:00Z,304,3998
2021-04-19T03:00Z,404,988
2021-04-19T03:15Z,200,8052
2021-04-19T03:15Z,304,4410
2021-04-19T03:15Z,404,1288
2021-04-19T03:15Z,302,621
2021-04-19T03:30Z,200,6957
2021-04-19T03:30Z,304,3745
2021-04-19T03:30Z,404,1171
2021-04-19T03:30Z,302,479
2021-04-19T03:45Z,200,8393
2021-04-19T03:45Z,304,4031
2021-04-19T03:45Z,404,466
2021-04-19T04:00Z,200,9234
2021-04-19T04:00Z,304,3524
2021-04-19T04:00Z,404,1012
2021-04-19T04:15Z,200,9727
2021-04-19T04:15Z,304,3937
2021-04-19T04:15Z,404,1891
2021-04-19T04:15Z,302,805
2021-04-19T04:30Z,200,5467
2021-04-19T04:30Z,304,3834
2021-04-19T04:30Z,404,1355
2021-04-19T04:30Z,302,406
2021-04-19T04:45Z,200,5668
2021-04-19T04:45Z,304,3182
2021-04-19T04:45Z,404,1189
2021-04-19T04:45Z,302,947
2021-04-19T05:00Z,200,6883
2021-04-19T05:00Z,304,3606
2021-04-19T05:00Z,404,1134
2021-04-19T05:15Z,200,7816
2021-04-19T05:15Z,304,3836
2021-04-19T05:15Z,404,1906
2021-04-19T05:15Z,302,704
2021-04-19T05:30Z,200,7496
2021-04-19T05:30Z,304,5290
2021-04-19T05:30Z,404,1423
2021-04-19T05:45Z,200,7054
2021-04-19T05:45Z,304,3463
2021-04-19T05:45Z,404,2278
2021-04-19T06:00Z,200,8596
2021-04-19T06:00Z,304,3594
2021-04-19T06:00Z,404,1167
2021-04-19T06:15Z,200,7524
2021-04-19T06:15Z,304,4910
2021-04-19T06:15Z,404,613
2021-04-19T06:30Z,200,6177
2021-04-19T06:30Z,304,5176
2021-04-19T06:30Z,404,1097
2021-04-19T06:30Z,500,995
2021-04-19T06:45Z,200,6301
2021-04-19T06:45Z,304,4402
2021-04-19T06:45Z,404,1433
2021-04-19T06:45Z,302,748
2021-04-19T07:00Z,200,8781
2021-04-19T07:00Z,304,5334
2021-04-19T07:00Z,404,1312
2021-04-19T07:15Z,200,9252
2021-04-19T07:15Z,304,5417
2021-04-19T07:15Z,404,1090
2021-04-19T07:30Z,200,9458
2021-04-19T07:30Z,304,4830
2021-04-19T07:30Z,404,1184
2021-04-19T07:45Z,200,7103
2021-04-19T07:45Z,304,5061
2021-04-19T07:45Z,404,1335
2021-04-19T07:45Z,302,726
2021-04-19T08:00Z,200,7505
2021-04-19T08:00Z,304,5625
2021-04-19T08:00Z,404,889
2021-04-19T08:00Z,302,892
2021-04-19T08:15Z,200,7726
2021-04-19T08:15Z,304,5132
2021-04-19T08:15Z,404,1745
2021-04-19T08:15Z,403,601
2021-04-19T08:15Z,500,134
2021-04-19T08:30Z,200,6705
2021-04-19T08:30Z,304,6127
2021-04-19T08:30Z,404,3355
2021-04-19T08:30Z,302,616
2021-04-19T08:30Z,500,360
2021-04-19T08:45Z,200,7727
2021-04-19T08:45Z,304,5791
2021-04-19T08:45Z,404,1120
2021-04-19T08:45Z,302,404
2021-04-19T09:00Z,200,7190
2021-04-19T09:00Z,304,6078
2021-04-19T09:00Z,404,1238
2021-04-19T09:15Z,200,9721
2021-04-19T09:15Z,304,5931
2021-04-19T09:15Z,404,1943
2021-04-19T09:30Z,200,9323
2021-04-19T09:30Z,304,5645
2021-04-19T09:30Z,404,1047
2021-04-19T09:30Z,302,639
2021-04-19T09:45Z,200,9427
2021-04-19T09:45Z,304,5867
2021-04-19T09:45Z,404,1225
2021-04-19T10:00Z,200,7593
2021-04-19T10:00Z,304,5457
2021-04-19T10:00Z,404,1333
2021-04-19T10:15Z,200,9425
2021-04-19T10:15Z,304,4682
2021-04-19T10:15Z,404,1864
2021-04-19T10:15Z,302,730
2021-04-19T10:30Z,200,8096
2021-04-19T10:30Z,304,5223
2021-04-19T10:30Z,404,903
2021-04-19T10:45Z,200,7535
2021-04-19T10:45Z,304,5842
2021-04-19T10:45Z,404,1802
2021-04-19T11:00Z,200,6656
2021-04-19T11:00Z,304,5139
2021-04-19T11:00Z,404,307
2021-04-19T11:15Z,200,7367
2021-04-19T11:15Z,304,5496
2021-04-19T11:15Z,404,2202
2021-04-19T11:30Z,200,7541
2021-04-19T11:30Z,304,5150
2021-04-19T11:30Z,404,974
2021-04-19T11:45Z,200,6201
2021-04-19T11:45Z,304,4635
2021-04-19T11:45Z,404,1452
2021-04-19T11:45Z,302,297
2021-04-19T12:00Z,200,6516
2021-04-19T12:00Z,304,5237
2021-04-19T12:00Z,404,1285
2021-04-19T12:15Z,200,8090
2021-04-19T12:15Z,304,5640
2021-04-19T12:15Z,404,1327
2021-04-19T12:15Z,302,682
2021-04-19T12:30Z,200,8195
2021-04-19T12:30Z,304,5780
2021-04-19T12:30Z,404,1304
2021-04-19T12:30Z,503,660
2021-04-19T12:30Z,302,150
2021-04-19T12:45Z,200,7587
2021-04-19T12:45Z,304,5444
2021-04-19T12:45Z,404,1272
2021-04-19T12:45Z,302,593
2021-04-19T13:00Z,200,8370
2021-04-19T13:00Z,304,5307
2021-04-19T13:00Z,404,990
2021-04-19T13:00Z,302,388
2021-04-19T13:15Z,200,9287
2021-04-19T13:15Z,304,6964
2021-04-19T13:15Z,404,306
2021-04-19T13:15Z,499,519
2021-04-19T13:30Z,200,12602
2021-04-19T13:30Z,304,7454
2021-04-19T13:30Z,404,1288
2021-04-19T13:45Z,200,13691
2021-04-19T13:45Z,304,7320
2021-04-19T13:45Z,404,1406
2021-04-19T13:45Z,302,529
2021-04-19T14:00Z,200,14306
2021-04-19T14:00Z,304,6980
2021-04-19T14:00Z,404,2991
2021-04-19T14:00Z,503,145
2021-04-19T14:15Z,200,15547
2021-04-19T14:15Z,304,7159
2021-04-19T14:15Z,404,1810
2021-04-19T14:15Z,499,941
2021-04-19T14:30Z,200,11933
2021-04-19T14:30Z,304,6971
2021-04-19T14:30Z,404,1849
2021-04-19T14:30Z,302,27
2021-04-19T14:30Z,499,93
2021-04-19T14:45Z,200,13160
2021-04-19T14:45Z,304,6454
2021-04-19T14:45Z,404,1847
2021-04-19T14:45Z,302,601
2021-04-19T14:45Z,401,233
2021-04-19T14:45Z,500,180
2021-04-19T14:45Z,499,446
2021-04-19T15:00Z,200,10988
2021-04-19T15:00Z,304,6606
2021-04-19T15:00Z,404,3402
2021-04-19T15:00Z,499,421
2021-04-19T15:00Z,500,167
2021-04-19T15:00Z,302,626
2021-04-19T15:15Z,200,9497
2021-04-19T15:15Z,304,5212
2021-04-19T15:15Z,404,2426
2021-04-19T15:15Z,500,290
2021-04-19T15:15Z,302,975
2021-04-19T15:30Z,200,12482
2021-04-19T15:30Z,304,5717
2021-04-19T15:30Z,404,3007
2021-04-19T15:30Z,302,684
2021-04-19T15:30Z,499,398
2021-04-19T15:45Z,200,12398
2021-04-19T15:45Z,304,5829
2021-04-19T15:45Z,404,4601
2021-04-19T15:45Z,499,401
2021-04-19T15:45Z,302,374
2021-04-19T16:00Z,200,12165
2021-04-19T16:00Z,304,5397
2021-04-19T16:00Z,404,1831
2021-04-19T16:00Z,302,712
2021-04-19T16:00Z,499,608
2021-04-19T16:15Z,200,8279
2021-04-19T16:15Z,304,4699
2021-04-19T16:15Z,404,2063
2021-04-19T16:30Z,200,9335
2021-04-19T16:30Z,304,5983
2021-04-19T16:30Z,404,1963
2021-04-19T16:30Z,302,386
2021-04-19T16:45Z,200,10954
2021-04-19T16:45Z,304,5870
2021-04-19T16:45Z,404,1197
2021-04-19T16:45Z,302,40
2021-04-19T16:45Z,500,247
2021-04-19T17:00Z,200,11935
2021-04-19T17:00Z,304,5756
2021-04-19T17:00Z,404,1911
2021-04-19T17:00Z,499,435
2021-04-19T17:00Z,302,252
2021-04-19T17:15Z,200,10912
2021-04-19T17:15Z,304,5086
2021-04-19T17:15Z,404,2522
2021-04-19T17:15Z,302,818
2021-04-19T17:15Z,499,902
2021-04-19T17:30Z,200,11469
2021-04-19T17:30Z,304,5471
2021-04-19T17:30Z,404,2943
2021-04-19T17:30Z,499,932
2021-04-19T17:30Z,500,493
2021-04-19T17:45Z,200,12601
2021-04-19T17:45Z,304,5308
2021-04-19T17:45Z,404,2941
2021-04-19T17:45Z,499,784
2021-04-19T18:00Z,200,11249
2021-04-19T18:00Z,304,5491
2021-04-19T18:00Z,404,1855
2021-04-19T18:00Z,499,890
2021-04-19T18:15Z,200,11574
2021-04-19T18:15Z,304,4980
2021-04-19T18:15Z,404,2516
2021-04-19T18:15Z,499,130
2021-04-19T18:30Z,200,10255
2021-04-19T18:30Z,304,6111
2021-04-19T18:30Z,404,1835
2021-04-19T18:30Z,302,466
2021-04-19T18:45Z,200,12086
2021-04-19T18:45Z,304,5413
2021-04-19T18:45Z,404,2453
2021-04-19T19:00Z,200,10600
2021-04-19T19:00Z,304,5186
2021-04-19T19:00Z,404,1981
2021-04-19T19:00Z,302,443
2021-04-19T19:15Z,200,10716
2021-04-19T19:15Z,304,5118
2021-04-19T19:15Z,404,1749
2021-04-19T19:15Z,499,328
2021-04-19T19:30Z,200,12320
2021-04-19T19:30Z,304,5388
2021-04-19T19:30Z,404,1184
2021-04-19T19:45Z,200,12217
2021-04-19T19:45Z,304,5099
2021-04-19T19:45Z,404,2084
2021-04-19T19:45Z,499,716
2021-04-19T20:00Z,200,11614
2021-04-19T20:00Z,304,5262
2021-04-19T20:00Z,404,708
2021-04-19T20:00Z,302,509
2021-04-19T20:15Z,200,11045
2021-04-19T20:15Z,404,5187
2021-04-19T20:15Z,304,5540
2021-04-19T20:15Z,302,128
2021-04-19T20:30Z,200,9689
2021-04-19T20:30Z,304,4948
2021-04-19T20:30Z,404,3618
2021-04-19T20:30Z,302,640
2021-04-19T20:30Z,499,19
2021-04-19T20:30Z,401,366
2021-04-19T20:45Z,200,10185
2021-04-19T20:45Z,304,5256
2021-04-19T20:45Z,404,1354
2021-04-19T20:45Z,302,419
2021-04-19T21:00Z,200,8841
2021-04-19T21:00Z,304,5335
2021-04-19T21:00Z,404,1262
2021-04-19T21:00Z,302,28
2021-04-19T21:15Z,200,7408
2021-04-19T21:15Z,304,4732
2021-04-19T21:15Z,404,1062
2021-04-19T21:30Z,200,9090
2021-04-19T21:30Z,304,4689
2021-04-19T21:30Z,404,1099
2021-04-19T21:45Z,200,8968
2021-04-19T21:45Z,304,3764
2021-04-19T21:45Z,404,1287
2021-04-19T21:45Z,499,103
2021-04-19T22:00Z,200,10466
2021-04-19T22:00Z,304,4690
2021-04-19T22:00Z,404,1162
2021-04-19T22:00Z,302,543
2021-04-19T22:15Z,200,10333
2021-04-19T22:15Z,304,4780
2021-04-19T22:15Z,404,1483
2021-04-19T22:15Z,302,211
2021-04-19T22:30Z,200,10248
2021-04-19T22:30Z,304,4357
2021-04-19T22:30Z,404,4183
2021-04-19T22:45Z,200,11081
2021-04-19T22:45Z,304,5469
2021-04-19T22:45Z,404,1200
2021-04-19T22:45Z,499,522
2021-04-19T23:00Z,200,11041
2021-04-19T23:00Z,304,5397
2021-04-19T23:00Z,404,1350
2021-04-19T23:00Z,302,781
2021-04-19T23:00Z,499,342
2021-04-19T23:15Z,200,9595
2021-04-19T23:15Z,304,4713
2021-04-19T23:15Z,404,1167
2021-04-19T23:15Z,499,982
2021-04-19T23:15Z,302,367
2021-04-19T23:30Z,200,8364
2021-04-19T23:30Z,304,3924
2021-04-19T23:30Z,404,2485
2021-04-19T23:30Z,499,171
2021-04-19T23:45Z,200,10131
2021-04-19T23:45Z,304,3938
2021-04-19T23:45Z,404,1375
2021-04-19T23:45Z,302,879
2021-04-19T23:45Z,403,251
2021-04-20,200,10403
2021-04-20,304,3219
2021-04-20,404,2160
2021-04-20,302,231
2021-04-20,500,484
2021-04-20T00:15Z,200,10690
2021-04-20T00:15Z,304,3751
2021-04-20T00:15Z,404,1792
2021-04-20T00:30Z,200,9066
2021-04-20T00:30Z,304,4252
2021-04-20T00:30Z,404,1665
2021-04-20T00:45Z,200,10310
2021-04-20T00:45Z,304,3838
2021-04-20T00:45Z,404,3259
2021-04-20T01:00Z,200,12044
2021-04-20T01:00Z,404,5033
2021-04-20T01:00Z,304,4288
2021-04-20T01:00Z,302,298
2021-04-20T01:00Z,499,472
2021-04-20T01:15Z,200,10657
2021-04-20T01:15Z,304,3628
2021-04-20T01:15Z,404,1486
2021-04-20T01:15Z,499,622
2021-04-20T01:30Z,200,9029
2021-04-20T01:30Z,304,4142
2021-04-20T01:30Z,404,1243
2021-04-20T01:30Z,302,543
2021-04-20T01:30Z,403,579
2021-04-20T01:45Z,200,9012
2021-04-20T01:45Z,304,3975
2021-04-20T01:45Z,404,3150
2021-04-20T01:45Z,499,272
2021-04-20T01:45Z,401,640
2021-04-20T01:45Z,302,100
2021-04-20T02:00Z,200,9821
2021-04-20T02:00Z,304,3552
2021-04-20T02:00Z,404,2431
2021-04-20T02:00Z,499,802
2021-04-20T02:15Z,200,9923
2021-04-20T02:15Z,304,3601
2021-04-20T02:15Z,404,1565
2021-04-20T02:15Z,302,933
2021-04-20T02:30Z,200,8091
2021-04-20T02:30Z,304,3687
2021-04-20T02:30Z,404,1569
2021-04-20T02:30Z,302,587
2021-04-20T02:45Z,200,7837
2021-04-20T02:45Z,304,3186
2021-04-20T02:45Z,404,2390
2021-04-20T03:00Z,200,10690
2021-04-20T03:00Z,304,3366
2021-04-20T03:00Z,404,1580
2021-04-20T03:15Z,200,8041
2021-04-20T03:15Z,304,3598
2021-04-20T03:15Z,404,1073
2021-04-20T03:15Z,302,644
2021-04-20T03:30Z,200,7523
2021-04-20T03:30Z,304,3566
2021-04-20T03:30Z,404,949
2021-04-20T03:45Z,200,7235
2021-04-20T03:45Z,304,3171
2021-04-20T03:45Z,404,1228
2021-04-20T03:45Z,302,383
2021-04-20T04:00Z,200,11172
2021-04-20T04:00Z,304,3542
2021-04-20T04:00Z,404,1607
2021-04-20T04:00Z,302,647
2021-04-20T04:15Z,200,10312
2021-04-20T04:15Z,304,3128
2021-04-20T04:15Z,404,2057
2021-04-20T04:15Z,499,538
2021-04-20T04:30Z,200,10003
2021-04-20T04:30Z,304,4127
2021-04-20T04:30Z,404,1069
2021-04-20T04:30Z,302,638
2021-04-20T04:45Z,200,7066
2021-04-20T04:45Z,304,2953
2021-04-20T04:45Z,404,1245
2021-04-20T04:45Z,302,951
2021-04-20T05:00Z,200,8041
2021-04-20T05:00Z,304,3744
2021-04-20T05:00Z,404,1053
2021-04-20T05:00Z,302,714
2021-04-20T05:15Z,200,8087
2021-04-20T05:15Z,304,3306
2021-04-20T05:15Z,404,1088
2021-04-20T05:30Z,200,7537
2021-04-20T05:30Z,304,4383
2021-04-20T05:30Z,404,918
2021-04-20T05:30Z,302,516
2021-04-20T05:45Z,200,7710
2021-04-20T05:45Z,304,4374
2021-04-20T05:45Z,404,1967
2021-04-20T06:00Z,200,8164
2021-04-20T06:00Z,304,4877
2021-04-20T06:00Z,404,861
2021-04-20T06:00Z,302,394
2021-04-20T06:15Z,200,9668
2021-04-20T06:15Z,304,4373
2021-04-20T06:15Z,404,1110
2021-04-20T06:15Z,302,799
2021-04-20T06:30Z,200,9439
2021-04-20T06:30Z,304,4958
2021-04-20T06:30Z,404,1032
2021-04-20T06:30Z,302,230
2021-04-20T06:45Z,200,7486
2021-04-20T06:45Z,304,5317
2021-04-20T06:45Z,404,176
2021-04-20T06:45Z,302,534
2021-04-20T06:45Z,499,597
2021-04-20T07:00Z,200,6909
2021-04-20T07:00Z,304,4876
2021-04-20T07:00Z,404,324
2021-04-20T07:00Z,500,92
2021-04-20T07:15Z,200,7892
2021-04-20T07:15Z,304,5252
2021-04-20T07:15Z,404,1779
2021-04-20T07:15Z,499,59
2021-04-20T07:30Z,200,7474
2021-04-20T07:30Z,304,4958
2021-04-20T07:30Z,404,595
2021-04-20T07:45Z,200,6894
2021-04-20T07:45Z,304,5885
2021-04-20T07:45Z,404,717
2021-04-20T07:45Z,302,235
2021-04-20T08:00Z,200,8191
2021-04-20T08:00Z,304,5955
2021-04-20T08:00Z,404,1103
2021-04-20T08:00Z,302,917
2021-04-20T08:15Z,200,8771
2021-04-20T08:15Z,304,4711
2021-04-20T08:15Z,404,488
2021-04-20T08:15Z,302,591
2021-04-20T08:30Z,200,8733
2021-04-20T08:30Z,304,5605
2021-04-20T08:30Z,404,1476
2021-04-20T08:30Z,302,102
2021-04-20T08:30Z,500,43
2021-04-20T08:45Z,200,8491
2021-04-20T08:45Z,304,6156
2021-04-20T08:45Z,404,1894
2021-04-20T09:00Z,200,9277
2021-04-20T09:00Z,304,5790
2021-04-20T09:00Z,404,1636
2021-04-20T09:15Z,200,9398
2021-04-20T09:15Z,304,6350
2021-04-20T09:15Z,404,1119
2021-04-20T09:30Z,200,7306
2021-04-20T09:30Z,304,4943
2021-04-20T09:30Z,404,1028
2021-04-20T09:30Z,302,530
2021-04-20T09:45Z,200,8169
2021-04-20T09:45Z,304,4508
2021-04-20T09:45Z,404,1042
2021-04-20T10:00Z,200,8421
2021-04-20T10:00Z,304,5663
2021-04-20T10:00Z,404,90
2021-04-20T10:00Z,302,794
2021-04-20T10:00Z,499,343
2021-04-20T10:15Z,200,8608
2021-04-20T10:15Z,304,5293
2021-04-20T10:15Z,404,373
2021-04-20T10:30Z,200,8800
2021-04-20T10:30Z,304,5408
2021-04-20T10:30Z,404,1332
2021-04-20T10:30Z,499,821
2021-04-20T10:45Z,200,7973
2021-04-20T10:45Z,304,4933
2021-04-20T10:45Z,404,1172
2021-04-20T10:45Z,500,147
2021-04-20T11:00Z,200,10317
2021-04-20T11:00Z,304,5119
2021-04-20T11:00Z,404,712
2021-04-20T11:00Z,499,638
2021-04-20T11:15Z,200,12134
2021-04-20T11:15Z,304,5748
2021-04-20T11:15Z,404,327
2021-04-20T11:15Z,302,605
2021-04-20T11:30Z,200,7835
2021-04-20T11:30Z,304,4723
2021-04-20T11:30Z,404,420
2021-04-20T11:45Z,200,7805
2021-04-20T11:45Z,304,5511
2021-04-20T11:45Z,404,1016
2021-04-20T11:45Z,302,21
2021-04-20T12:00Z,200,7484
2021-04-20T12:00Z,304,4506
2021-04-20T12:00Z,404,818
2021-04-20T12:15Z,200,9300
2021-04-20T12:15Z,304,5365
2021-04-20T12:15Z,404,857
2021-04-20T12:15Z,302,628
2021-04-20T12:15Z,499,344
2021-04-20T12:30Z,200,10131
2021-04-20T12:30Z,304,4856
2021-04-20T12:30Z,404,750
2021-04-20T12:45Z,200,9854
2021-04-20T12:45Z,304,5370
2021-04-20T12:45Z,404,1422
2021-04-20T13:00Z,200,8799
2021-04-20T13:00Z,304,6081
2021-04-20T13:00Z,404,1306
2021-04-20T13:00Z,499,610
2021-04-20T13:15Z,200,10147
2021-04-20T13:15Z,304,6662
2021-04-20T13:15Z,404,1032
2021-04-20T13:15Z,499,344
2021-04-20T13:30Z,200,10857
2021-04-20T13:30Z,304,6738
2021-04-20T13:30Z,404,1830
2021-04-20T13:45Z,200,9051
2021-04-20T13:45Z,304,6653
2021-04-20T13:45Z,404,906
2021-04-20T13:45Z,499,128
2021-04-20T13:45Z,302,306
2021-04-20T14:00Z,200,10760
2021-04-20T14:00Z,304,5980
2021-04-20T14:00Z,404,1369
2021-04-20T14:15Z,200,10491
2021-04-20T14:15Z,304,6328
2021-04-20T14:15Z,404,1793
2021-04-20T14:15Z,499,246
2021-04-20T14:30Z,200,13312
2021-04-20T14:30Z,304,6069
2021-04-20T14:30Z,404,1399
2021-04-20T14:45Z,200,12476
2021-04-20T14:45Z,304,6252
2021-04-20T14:45Z,404,797
2021-04-20T14:45Z,499,674
2021-04-20T15:00Z,200,11192
2021-04-20T15:00Z,304,6220
2021-04-20T15:00Z,404,920
2021-04-20T15:00Z,499,553
2021-04-20T15:00Z,403,822
2021-04-20T15:00Z,302,897
2021-04-20T15:15Z,200,10467
2021-04-20T15:15Z,304,5113
2021-04-20T15:15Z,404,2482
2021-04-20T15:15Z,499,739
2021-04-20T15:30Z,200,10114
2021-04-20T15:30Z,304,5661
2021-04-20T15:30Z,404,625
2021-04-20T15:30Z,500,66
2021-04-20T15:30Z,499,12
2021-04-20T15:45Z,200,10484
2021-04-20T15:45Z,304,5030
2021-04-20T15:45Z,404,1197
2021-04-20T15:45Z,302,612
2021-04-20T15:45Z,499,898
2021-04-20T16:00Z,200,9793
2021-04-20T16:00Z,304,5605
2021-04-20T16:00Z,404,741
2021-04-20T16:00Z,302,454
2021-04-20T16:15Z,200,10768
2021-04-20T16:15Z,304,5508
2021-04-20T16:15Z,404,1943
2021-04-20T16:15Z,499,352
2021-04-20T16:15Z,401,904
2021-04-20T16:15Z,302,343
2021-04-20T16:30Z,200,10526
2021-04-20T16:30Z,304,5640
2021-04-20T16:30Z,404,1084