Date,Tesla,Pfizer,Moderna,Apple,Johnson & Johnson,Nasdaq,Bitcoin-USD,¯rsted,Goldman Sachs,Archer-Daniels-Midland,CVS Health
9/3/19,225.009995,36.119999,14.88,205.699997,128.740005,7874.160156,9757.970703,653.400024,198.970001,37.990002,60.689999
9/4/19,220.679993,35.830002,15.42,209.190002,128.860001,7976.879883,10346.76074,660,201.729996,38.240002,61.66
9/5/19,229.580002,36.34,15.53,213.279999,128.580002,8116.830078,10623.54004,668.799988,207.050003,38.630001,62.759998
9/6/19,227.449997,36.5,15.88,213.259995,128.210007,8103.069824,10594.49316,670.200012,207.210007,38.709999,62.23
9/9/19,231.789993,36.830002,16.030001,214.169998,126.949997,8087.439941,10575.5332,680.599976,211.979996,39.669998,63.68
9/10/19,235.539993,37.380001,17.09,216.699997,129.550003,8084.160156,10353.30273,651,215.630005,40.290001,63.599998
9/11/19,247.100006,37.41,15.92,223.589996,131.169998,8169.680176,10517.25488,645.599976,216.800003,41.049999,63.990002
9/12/19,245.869995,37.279999,16.4,223.085007,130.429993,8194.469727,10441.27637,650,218.740005,41.450001,63.900002
9/13/19,245.199997,36.91,16.709999,218.75,130.779999,8176.709961,10334.97461,656.200012,219.899994,41.630001,64.059998
9/16/19,242.809998,36.830002,17.049999,219.899994,129.539993,8153.540039,10115.97559,646.599976,217.220001,41.959999,63.43
9/17/19,244.789993,36.5,17.66,220.699997,129.669998,8186.02002,10178.37207,643.400024,215.910004,41.790001,63.48
9/18/19,243.490005,36.380001,17.780001,222.770004,130.410004,8177.390137,10410.12695,650,217.080002,41.669998,63.259998
9/19/19,246.600006,36.509998,17.9,220.960007,130.110001,8182.879883,10360.54688,627.599976,215.229996,40.900002,63.630001
9/20/19,240.619995,36.689999,18.07,217.729996,131.649994,8117.669922,10358.04883,631,213.740005,40.900002,64.300003
9/23/19,241.229996,36.240002,17.83,218.720001,131.740005,8112.459961,10347.71289,622.200012,213.460007,40.400002,63.349998
9/24/19,223.210007,36.009998,17.82,217.679993,131.550003,7993.629883,10276.79395,630,207.75,39.93,62.93
9/25/19,228.699997,35.900002,17.18,221.029999,130.990005,8077.379883,10241.27246,637.799988,210.029999,40.48,62.59
9/26/19,242.559998,35.779999,16.34,219.889999,128.850006,8030.660156,10198.24805,627.599976,208.220001,40.860001,61.59
9/27/19,242.130005,36.220001,15.9,218.820007,128.600006,7939.629883,10266.41504,635,208.970001,40.939999,62.080002
9/30/19,240.869995,35.93,15.92,223.970001,129.380005,7999.339844,10181.6416,636.799988,207.229996,41.07,63.07
10/1/19,244.690002,35.43,14.81,224.589996,129.990005,7908.680176,10019.7168,636.599976,202.690002,40.330002,62.349998
10/2/19,243.130005,34.700001,14.86,218.960007,132,7785.25,10070.39258,627.400024,198.25,39.720001,61.5
10/3/19,233.029999,35.450001,15.07,220.820007,131.190002,7872.259766,9729.324219,617.200012,197.240005,39.529999,61.220001
10/4/19,231.429993,35.93,15.51,227.009995,133.660004,7982.470215,8620.566406,617.599976,200.800003,40.349998,62.240002
10/7/19,237.720001,35.830002,15.47,227.059998,133.160004,7956.290039,8486.993164,628.599976,200.399994,39.779999,61.990002
10/8/19,240.050003,35.43,15.31,224.399994,131.839996,7823.779785,8118.967773,626.400024,197.369995,38.400002,60.380001
10/9/19,244.529999,35.689999,14.2,227.029999,129.220001,7903.740234,8251.845703,622.200012,196.850006,38.93,60.799999
10/10/19,244.740005,35.790001,14.16,230.089996,129.059998,7950.779785,8245.915039,627,199.869995,39.77,62.139999
10/11/19,247.889999,36.110001,14.055,236.210007,131.330002,8057.040039,8104.185547,620,204.679993,40.459999,62.939999
10/14/19,256.959991,36.299999,13.93,235.869995,130.720001,8048.649902,8293.868164,623.599976,205.820007,40.200001,62.990002
10/15/19,257.890015,36.5,14.33,235.320007,132.839996,8148.709961,8343.276367,628.400024,206.460007,40.330002,64.830002
10/16/19,259.75,36.34,14.15,234.369995,135.169998,8124.180176,8393.041992,630.599976,207.419998,39.700001,65.410004
10/17/19,261.970001,36.459999,14.54,235.279999,136.169998,8156.850098,8259.992188,629.599976,206.460007,39.849998,66.5
10/18/19,256.950012,36.459999,14.81,236.410004,127.699997,8089.540039,8205.939453,624.599976,206.520004,39.639999,66.160004
10/21/19,253.5,36.459999,15.5,240.509995,128.020004,8162.990234,8151.500488,622.799988,209.25,40.400002,65.699997
10/22/19,255.580002,36.43,15.92,239.960007,129.199997,8104.299805,7988.155762,622.799988,209.600006,40.560001,66.559998
10/23/19,254.679993,36.77,16.9,243.179993,129.899994,8119.790039,8245.623047,628.200012,211.320007,40.73,65.599998
10/24/19,299.679993,36.389999,16.59,243.580002,127.5,8185.799805,8228.783203,629.400024,211.050003,40.540001,64.839996
10/25/19,328.130005,36.77,17.01,246.580002,128.350006,8243.120117,8595.740234,624.200012,214.229996,41.009998,65.099998
10/28/19,327.709991,37.279999,17.030001,249.050003,129.179993,8325.990234,8586.473633,630,217.75,41.299999,65.879997
10/29/19,316.220001,38.209999,16.99,243.289993,129.124405,8276.849609,8321.756836,623.400024,217.639999,41.509998,65.889999
10/30/19,315.01001,38.48,17.139999,243.259995,132.839996,8303.980469,8336.555664,577,215.809998,40.529999,67.050003
10/31/19,314.920013,38.369999,16.75,248.759995,132.039993,8292.360352,8321.005859,593,213.380005,42.040001,66.389999
11/1/19,313.309998,38.389999,15.66,255.820007,131.199997,8386.400391,8374.686523,587.599976,217.389999,42.43,67.239998
11/4/19,317.470001,38.029999,16.799999,257.5,130.229996,8433.200195,8205.369141,587.200012,219.869995,43.060001,68.040001
11/5/19,317.220001,37.48,16.889999,257.130005,130.419998,8434.679688,8047.526855,584.200012,218.639999,42.970001,67.32
11/6/19,326.579987,37.610001,16.129999,257.23999,130.960007,8410.629883,8103.911133,568.400024,218.419998,42.880001,70.93
11/7/19,335.540009,36.91,17.5,259.429993,131.429993,8434.519531,7973.20752,577.200012,223.289993,43.540001,71.779999
11/8/19,337.140015,37.049999,17.49,260.140015,133,8475.30957,7988.560547,576.799988,222.910004,43.310001,72.470001
11/11/19,345.089996,36.93,17.4,262.200012,131.979996,8464.280273,8222.078125,595,219.029999,43.529999,71.730003
11/12/19,349.929993,36.970001,17.99,261.959991,131.350006,8486.089844,8243.720703,605.200012,220.410004,43.240002,72.349998
11/13/19,346.109985,36.599998,18.25,264.470001,131.270004,8482.099609,8078.203125,608.200012,219.320007,42.82,72.82
11/14/19,349.350006,36.549999,18.34,262.640015,130.960007,8479.019531,7514.671875,612.200012,219.429993,42.779999,72.940002
11/15/19,352.170013,37.279999,19.370001,265.76001,134.940002,8540.830078,7493.48877,605,220.25,42.869999,74.290001
11/18/19,349.98999,37.220001,19.450001,267.100006,134.830002,8549.94043,8660.700195,605.599976,219.729996,42.84,75.099998
11/19/19,359.519989,37.66,19.360001,266.290009,134.820007,8570.660156,9244.972656,612,220.039993,43.080002,75.349998
11/20/19,352.220001,37.049999,20.18,263.190002,135.940002,8526.730469,9551.714844,610.599976,217.910004,42.5,74.919998
11/21/19,354.829987,37.740002,20.200001,262.01001,136.440002,8506.209961,9256.148438,615,218.229996,42.82,74.940002
11/22/19,333.040009,38.330002,20.690001,261.779999,138.070007,8519.879883,9427.6875,610,220.279999,42.720001,75.309998
11/25/19,336.339996,38.68,20,266.369995,137.179993,8632.490234,9205.726563,608.200012,222.75,43.080002,76.580002
11/26/19,328.920013,38.290001,20.33,264.290009,137.169998,8647.929688,9199.584961,616.400024,222.449997,42.75,74.940002
11/27/19,331.290009,38.630001,20.370001,267.839996,137.75,8705.179688,9261.104492,620.400024,222.949997,42.939999,75.040001
11/29/19,329.940002,38.52,20.360001,267.25,137.490005,8665.469727,9324.717773,621.799988,221.350006,42.93,75.269997
12/2/19,334.869995,38.290001,19.76,264.160004,137.360001,8567.990234,9235.354492,623.599976,217.639999,43.290001,75.550003
12/3/19,336.200012,38.049999,21.280001,259.450012,137.160004,8520.639648,9412.612305,625,212.240005,42.919998,74.709999
12/4/19,333.029999,38.139999,21.27,261.73999,139.380005,8566.669922,9342.527344,612.400024,215.940002,42.93,75
12/5/19,330.369995,38.029999,20.639999,265.579987,139.559998,8570.700195,9360.879883,613.799988,217.139999,43.150002,74.480003
12/6/19,335.890015,38.290001,18.940001,270.709991,140.380005,8656.530273,9267.561523,621.400024,224.610001,43.91,75.360001
12/9/19,339.529999,38.32,18.780001,266.920013,140.5,8621.830078,8804.880859,625,221.809998,44.07,74.989998
12/10/19,348.839996,38.48,18.870001,268.480011,139.990005,8616.179688,8813.582031,625.200012,221.880005,44,73.18
12/11/19,352.700012,38.220001,18.65,270.769989,140.979996,8654.049805,9055.526367,630.200012,221.190002,44.23,73.349998
12/12/19,359.679993,38.540001,18.450001,271.459991,141.339996,8717.320313,8757.788086,643.599976,226.050003,44.91,74.260002
12/13/19,358.390015,38.330002,18.620001,275.149994,141.380005,8734.879883,8815.662109,654.400024,225,45.200001,73.589996
12/16/19,381.5,39.139999,18.52,279.859985,141.789993,8814.230469,8808.262695,648.799988,228.039993,45.98,74.400002
12/17/19,378.98999,38.900002,18.440001,280.410004,143.559998,8823.360352,8708.094727,653.799988,231.149994,46.209999,73.349998
12/18/19,393.149994,38.889999,18.639999,279.73999,143.190002,8827.740234,8491.992188,664,230.449997,45.310001,73.279999
12/19/19,404.040009,38.970001,19.41,280.019989,145.350006,8887.219727,8550.760742,666,229.940002,45.639999,74.099998
12/20/19,405.589996,39.23,19.83,279.440002,146.059998,8924.959961,8577.975586,669.400024,228.929993,45.790001,74.580002
12/23/19,419.220001,39.32,19.700001,284,146.440002,8945.650391,8309.286133,665.799988,229.089996,46.02,74.379997
12/24/19,425.25,39.290001,19.75,284.269989,145.929993,8952.879883,8206.145508,674.799988,229.910004,46.080002,74.510002
12/26/19,430.940002,39.380001,19.860001,289.910004,145.830002,9022.389648,8027.268066,679.200012,231.210007,46.200001,74.480003
12/27/19,430.380005,39.32,19.52,289.799988,145.75,9006.620117,7642.75,691,230.660004,46.299999,74.400002
12/30/19,414.700012,38.91,19.049999,291.519989,145.300003,8945.990234,7296.577637,689,229.800003,46.119999,73.699997
12/31/19,418.329987,39.18,19.559999,293.649994,145.869995,8972.599609,7397.796875,681,229.929993,46.349998,74.290001
1/2/20,430.26001,39.139999,19.23,300.350006,145.970001,9092.19043,7047.916992,677.400024,234.320007,46.110001,74.160004
1/3/20,443.01001,38.93,18.889999,297.429993,144.279999,9020.769531,7146.133789,670.200012,231.580002,46.02,73.57
1/6/20,451.540009,38.880001,18.129999,299.799988,144.100006,9071.469727,7218.371094,662,233.949997,45.66,73.860001
1/7/20,469.059998,38.75,17.780001,298.390015,144.979996,9068.580078,7531.663574,645,235.490005,45.110001,73.580002
1/8/20,492.140015,39.060001,17.98,303.190002,144.960007,9129.240234,7463.105957,645.799988,237.759995,44.610001,72.660004
1/9/20,481.339996,38.889999,18.4,309.630005,145.389999,9203.429688,7761.243652,652.799988,242.600006,44.150002,72.860001
1/10/20,478.149994,39.490002,19.139999,310.329987,145.059998,9178.860352,7569.629883,659.599976,242.110001,43.950001,72.110001
1/13/20,524.859985,39.41,20.26,316.959991,145.699997,9273.929688,7424.29248,664.599976,245.210007,44.419998,72.760002
1/14/20,537.919983,40.07,20,312.679993,146.520004,9251.330078,7321.988281,684.599976,245.660004,44.5,73.830002
1/15/20,518.5,40.669998,20.24,311.339996,147.009995,9258.700195,7320.145508,686,245.210007,44.389999,75.269997
1/16/20,513.48999,40.610001,21.01,315.23999,148.199997,9357.129883,7252.034668,695.400024,249.720001,45.34,76.050003
1/17/20,510.5,40.509998,20.620001,318.730011,149.169998,9388.94043,7448.307617,706.400024,249.460007,45.25,76.019997
1/21/20,547.200012,40.34,20.940001,316.570007,149.270004,9370.80957,7546.996582,700.400024,245.699997,45.119999,74.589996
1/22/20,569.559998,40.189999,21.969999,317.700012,148.25,9383.769531,7556.237793,716.400024,247.050003,44.93,74.010002
1/23/20,572.200012,40.709999,21.469999,319.230011,148.529999,9402.480469,7564.345215,729.400024,245.580002,44.970001,73.529999
1/24/20,564.820007,39.82,21.120001,318.309998,148.320007,9314.910156,7400.899414,749.599976,241.919998,44.299999,71.43
1/27/20,558.02002,40.16,22.74,308.950012,148.75,9139.30957,7278.119629,737,238.139999,43.529999,70.970001
1/28/20,566.900024,38.139999,22.360001,317.690002,149.5,9269.679688,7217.427246,743,242.580002,43.919998,71.82
1/29/20,580.98999,37.580002,20.549999,324.339996,150.539993,9275.160156,7243.134277,748,240.119995,43.68,70.550003
1/30/20,640.809998,37.07,20.99,323.869995,150.360001,9298.929688,7269.68457,727.400024,244.130005,45.799999,69.709999
1/31/20,650.570007,37.240002,20.51,309.51001,148.869995,9150.94043,7124.673828,736,237.75,44.759998,67.82
2/3/20,780,37.509998,20.379999,308.660004,150.169998,9273.400391,7152.301758,736.200012,239.009995,44.959999,66.93
2/4/20,887.059998,37.689999,20.870001,318.850006,151.600006,9467.969727,6932.480469,719,241.940002,45.369999,67.879997
2/5/20,734.700012,38.169998,20.049999,321.450012,153.990005,9508.679688,6640.515137,715,244.300003,46.07,70.540001
2/6/20,748.960022,38.259998,19.879999,325.209991,153.529999,9572.150391,7276.802734,716.599976,241.820007,45.98,70.839996
2/7/20,748.070007,38.049999,23.24,320.029999,151.889999,9520.509766,7202.844238,726,238,45.709999,71.559998
2/10/20,771.280029,37.810001,23.65,321.549988,151.860001,9628.389648,7218.816406,729.200012,237.360001,45.68,73.25
2/11/20,774.380005,38.09,21.35,319.609985,151.990005,9638.94043,7191.158691,735,236.460007,46.119999,73.849998
2/12/20,767.289978,37.740002,19.01,327.200012,151.089996,9725.959961,7511.588867,725.200012,238.649994,45.610001,73.75
2/13/20,804,36.93,19.045,324.869995,150.089996,9711.969727,7355.628418,727.599976,238.350006,45.27,72
2/14/20,800.030029,36.509998,19,324.950012,150.130005,9731.179688,7322.532227,743,237.080002,44.77,71.370003
2/18/20,171.679993,34.40596,18.91,79.75,149.139999,9732.740234,7275.155762,743.400024,233.210007,44.450001,72
2/19/20,183.483994,34.320705,18.92,80.904999,148.940002,9817.179688,7238.966797,764.200012,237.330002,43.970001,71.779999
2/20/20,179.882004,33.960732,18.540001,80.074997,148.369995,9750.969727,7290.088379,771.200012,232.729996,44.23,71.940002
2/21/20,180.199997,33.837582,18.23,78.262497,149.929993,9576.589844,7317.990234,761,230.619995,43.900002,71.510002
2/24/20,166.757996,32.842915,18.59,74.544998,145.910004,9221.280273,7422.652832,769.799988,224.539993,42.82,67.919998
2/25/20,159.981995,32.141914,23.76,72.019997,144.649994,8965.610352,7292.995117,735.599976,217.610001,40.43,64.330002
2/26/20,155.759995,32.890282,29.16,73.162498,143.679993,8980.780273,7193.599121,719.599976,215.779999,39.869999,62.650002
2/27/20,135.800003,32.302956,26.16,68.379997,139.119995,8566.480469,7200.174316,732,205.690002,37.619999,59.330002
2/28/20,133.598007,31.658789,25.93,68.339996,134.479996,8567.370117,6985.470215,709.799988,200.770004,37.650002,59.18
3/2/20,148.723999,33.041847,29.879999,74.702499,140.020004,8952.169922,7344.884277,695.400024,209.470001,38.84,64.029999
3/3/20,149.102005,32.492413,27.91,72.330002,135.589996,8684.089844,7410.656738,709,203.429993,38.060001,62.540001
3/4/20,149.899994,34.481747,27.49,75.684998,143.479996,9018.089844,7411.317383,718,208.740005,39.369999,66.040001
3/5/20,144.908005,33.591282,28.01,73.230003,142.009995,8738.589844,7769.219238,757.400024,198.789993,38.330002,64.360001
3/6/20,140.695999,33.174473,29.610001,72.2575,142.029999,8575.620117,8163.692383,755.200012,192.850006,37.639999,64.150002
3/9/20,121.599998,31.980871,24.290001,66.542503,136.440002,7950.680176,8079.862793,715.200012,172.809998,35.299999,61.299999
3/10/20,129.065994,32.767132,22.34,71.334999,141.639999,8344.25,7879.071289,682,184.350006,37.119999,62.599998
3/11/20,126.846001,30.474663,23.610001,68.857498,131.800003,7952.049805,8166.554199,652.599976,171.889999,35.07,61.310001
3/12/20,112.110001,28.437967,22.299999,62.057499,125.410004,7201.799805,8037.537598,632.599976,150.679993,31.540001,54.599998
3/13/20,109.323997,30.986206,21.299999,69.4925,134.289993,7874.879883,8192.494141,575.799988,177.169998,34.639999,59.639999
3/16/20,89.014,28.589535,26.49,60.552502,127.129997,6904.589844,8144.194336,592,154.660004,32.68,52.299999
3/17/20,86.040001,30.465191,28.18,63.215,136.589996,7334.779785,8827.764648,579.599976,158.669998,35.259998,58
3/18/20,72.244003,30.654652,31.58,61.6675,134.960007,6989.839844,8807.010742,619.200012,140.020004,33.02,57.18
3/19/20,85.528,28.816887,28.27,61.195,127.050003,7150.580078,8723.786133,591,149.490005,33.459999,55.380001
3/20/20,85.505997,27.481194,28.200001,57.310001,119.889999,6879.52002,8929.038086,574.400024,138.410004,30.610001,54.700001
3/23/20,86.858002,26.988598,26.57,56.092499,111.139999,6860.669922,8942.808594,606.400024,134.970001,29.309999,53.09
3/24/20,101,28.13483,25.82,61.720001,119.18,7417.859863,8706.245117,601.799988,153.600006,32.32,54.349998
3/25/20,107.849998,28.182196,27.129999,61.380001,119.400002,7384.299805,8657.642578,627,155.130005,32.700001,53.639999
3/26/20,105.632004,30.076797,27.940001,64.610001,126.57,7797.540039,8745.894531,670.799988,165.789993,34.459999,58.310001
3/27/20,102.872002,29.271591,30.049999,61.935001,123.160004,7502.379883,8680.875977,685.400024,158.339996,33.5,58.599998
3/30/20,100.426003,30.948315,30.48,63.702499,133.009995,7774.149902,8406.515625,659.599976,159.619995,35.830002,59.68
3/31/20,104.800003,30.919895,29.950001,63.572498,131.130005,7700.100098,8445.43457,675,154.589996,35.18,59.330002
4/1/20,96.311996,30.076797,29.67,60.227501,128.809998,7360.580078,8367.847656,666.400024,145.289993,33.869999,58.34
4/2/20,90.893997,31.137774,33.200001,61.232498,133.149994,7487.310059,8596.830078,648.799988,149.929993,34.330002,55.41
4/3/20,96.001999,31.867195,34.84,60.352501,134.169998,7373.080078,8909.819336,644.799988,146.929993,34.650002,55.720001
4/6/20,103.248001,32.748184,34.639999,65.6175,139.759995,7913.240234,9358.589844,645,158.229996,35.779999,56.220001
4/7/20,109.089996,31.838776,32.02,64.857498,137.479996,7887.259766,9316.629883,641.200012,166.020004,35.98,56.869999
4/8/20,109.767998,32.776604,32.419998,66.517502,143.259995,8090.899902,9508.993164,648.599976,176.960007,36.48,59.41
4/9/20,114.599998,33.524971,31.860001,66.997498,141.229996,8153.580078,9350.529297,654.599976,184.259995,37.580002,60.470001
4/13/20,130.190002,33.288147,32.900002,68.3125,139.770004,8192.419922,9392.875,689,179.179993,36.07,58.959999
4/14/20,141.977997,34.519638,34.66,71.762497,146.029999,8515.740234,9344.365234,680,178.229996,37.240002,61.560001
4/15/20,145.966003,34.074406,37.25,71.107498,147.660004,8393.179688,9293.521484,681.599976,178.520004,35.490002,60.560001
4/16/20,149.042007,33.989147,40.599998,71.672501,149.669998,8532.360352,9180.962891,687.799988,177.039993,35.66,62.560001
4/17/20,150.778,34.96487,46.849998,70.699997,152.020004,8650.139648,9613.423828,687.599976,183.490005,37.189999,63.360001
4/20/20,149.272003,34.178608,51.689999,69.232498,151.669998,8560.730469,9729.801758,690.400024,180.399994,36.34,62.34
4/21/20,137.343994,33.742851,49.259998,67.092499,149.679993,8263.230469,9795.943359,700,173.809998,35,60.25
4/22/20,146.421997,34.339649,51.200001,69.025002,152.990005,8495.379883,9865.119141,716,175.979996,35.400002,60.349998
4/23/20,141.126007,34.756462,47.439999,68.7575,155.509995,8494.75,10116.67383,713.400024,175.050003,35.740002,61.279999
4/24/20,145.029999,35.410099,50.5,70.7425,154.860001,8634.519531,9856.611328,708.200012,177,35.990002,62.310001
4/27/20,159.75,36.310036,48.049999,70.792503,154.289993,8730.160156,10208.23633,710,183.539993,36.540001,63.5
4/28/20,153.824005,35.91217,47.880001,69.644997,151.389999,8607.730469,10326.05469,705.200012,187.009995,37.169998,63.240002
4/29/20,160.102005,36.111103,46.369999,71.932503,150.240005,8914.709961,10214.37988,688.400024,190.029999,38.41,62.610001
4/30/20,156.376007,36.338455,45.990002,73.449997,150.039993,8889.549805,10312.11621,685,183.419998,37.139999,61.549999
5/1/20,140.264008,35.656399,47.93,72.267502,148.289993,8604.950195,9889.424805,675,177.100006,35.119999,59.700001
5/4/20,152.238007,35.637451,50.5,73.290001,148.270004,8710.709961,9934.433594,683.799988,176.029999,34.759998,59.950001
5/5/20,153.641998,36.480549,49.34,74.389999,149.5,8809.120117,9690.142578,690.200012,178.300003,34.959999,61.209999
5/6/20,156.516006,36.480549,48.950001,75.157501,148.080002,8854.389648,10141.99609,696,176.919998,34.400002,60.41
5/7/20,156.007996,35.012234,53.189999,75.934998,147.589996,8979.660156,9633.386719,698.400024,182.320007,34.759998,61.450001
5/8/20,163.884003,35.258533,59.25,77.532501,148.699997,9121.320313,9608.475586,705.200012,185.389999,36.389999,63.119999
5/11/20,162.257996,36.092155,66.900002,78.752502,149.110001,9192.339844,9686.441406,724.799988,183.160004,35.43,63.84
5/12/20,161.882004,35.391155,62.349998,77.852501,147.139999,9002.549805,9663.181641,716,177.210007,34.740002,63.349998
5/13/20,158.192001,35.097492,65.18,76.912498,147.130005,8863.169922,9924.515625,705.200012,171.800003,33.84,61.150002
5/14/20,160.666,35.921642,64.559998,77.385002,147.639999,8943.719727,9650.174805,731.599976,174.449997,34.16,62.310001
5/15/20,159.834,35.770073,66.690002,76.927498,150.440002,9014.55957,9341.705078,726.400024,171.869995,34.119999,63.189999
5/18/20,162.725998,36.06374,80,78.739998,150.520004,9234.830078,8820.522461,741.599976,181.880005,35.799999,63.73
5/19/20,161.602005,35.69429,71.669998,78.285004,149.020004,9185.099609,8784.494141,764.400024,177.830002,34.82,63.610001
5/20/20,163.112,35.646927,73.470001,79.807503,147.679993,9375.780273,8672.455078,766,181.440002,35.349998,63.220001
5/21/20,165.520004,35.296425,67.050003,79.212502,146.710007,9284.879883,8599.508789,751.200012,180.100006,35.119999,63.34
5/22/20,163.376007,35.523777,69,79.722504,144.369995,9324.589844,8562.454102,761.200012,179.929993,35.380001,63.330002
5/26/20,163.774002,35.514301,57.709999,79.182503,144.559998,9340.219727,8869.669922,786.799988,196.059998,37.130001,64.639999
5/27/20,164.046005,35.438519,52.18,79.527496,144.889999,9412.360352,8787.786133,779.599976,209.660004,39,65.970001
5/28/20,161.162003,36.167942,55.540001,79.5625,146.970001,9368.990234,8755.246094,787,201.220001,39,66.559998
5/29/20,167,36.177414,61.5,79.485001,148.75,9489.870117,9078.762695,777.599976,196.490005,39.310001,65.57
6/1/20,179.619995,33.591282,62.18,80.462502,147.190002,9552.049805,9122.545898,757.400024,199.929993,38.889999,65.639999
6/2/20,176.311996,34.254395,59.869999,80.834999,148.25,9608.379883,8909.954102,748.799988,204.139999,39.669998,66.839996
6/3/20,176.591995,34.254395,59.889999,81.279999,148.649994,9682.910156,8108.116211,765,210.570007,40.509998,66.849998
6/4/20,172.876007,34.112297,60.59,80.580002,146.729996,9615.80957,7923.644531,746,214.820007,41.139999,66.529999
6/5/20,177.132004,34.093353,58.189999,82.875,147.300003,9814.080078,7909.729492,749.200012,217.919998,42.52,68.349998
6/8/20,189.983994,34.661732,59.099998,83.364998,146.770004,9924.75,7911.430176,752.200012,220.809998,42.889999,70.620003
6/9/20,188.134003,34.301758,58.23,85.997498,145.960007,9953.75,4970.788086,741.799988,218.100006,42.380001,69.370003
6/10/20,205.009995,34.027042,60.07,88.209999,147.800003,10020.34961,5563.707031,745.200012,213.520004,41.34,67.510002
6/11/20,194.567993,31.545113,60.200001,83.974998,140.869995,9492.730469,5200.366211,753.200012,194.130005,38.599998,63.16
6/12/20,187.056,31.971399,62,84.699997,142.149994,9588.80957,5392.314941,753.799988,201.779999,39.43,64.150002
6/15/20,198.179993,31.601952,66.57,85.747498,141.25,9726.019531,5014.47998,777.400024,206.309998,39.5,63.32
6/16/20,196.425995,31.639843,64.339996,88.019997,144.460007,9895.870117,5225.629395,776.200012,209.589996,40.75,65.580002
6/17/20,198.358002,31.79141,63.310001,87.897499,144.020004,9910.530273,5238.438477,761.799988,206.190002,40.470001,65
6/18/20,200.792007,31.488276,64.949997,87.932503,143.410004,9943.049805,6191.192871,761.599976,203.839996,40.580002,64.489998
6/19/20,200.179993,31.658789,66.349998,87.43,143.830002,9946.120117,6198.77832,756.200012,201.630005,40.240002,64.489998
6/22/20,198.863998,31.365126,64.75,89.717499,143.389999,10056.48047,6185.066406,770.400024,203.419998,40,64.300003
6/23/20,200.356003,31.043043,62.939999,91.6325,142.860001,10131.37012,5830.254883,765.400024,204.779999,39.93,64.43
6/24/20,192.169998,30.493608,64.839996,90.014999,139.820007,9909.169922,6416.314941,766,198.020004,39.32,63.18
6/25/20,197.195999,30.616758,62,91.209999,139.669998,10017,6734.803711,785,207.100006,39.950001,64.019997
6/26/20,191.947998,30.351515,61.279999,88.407501,137.809998,9757.219727,6681.062988,796.799988,189.190002,38.93,63.450001
6/29/20,201.869995,30.919895,62.080002,90.445,139.039993,9874.150391,6716.44043,793,193.470001,39.66,64.419998
6/30/20,215.962006,30.976732,64.209999,91.199997,140.630005,10058.76953,6469.79834,802,197.619995,39.900002,64.970001
7/1/20,223.925995,31.961926,61.59,91.027496,140.380005,10154.62988,6242.193848,840.799988,197.570007,39.41,64.559998
7/2/20,241.731995,32.691345,58.57,91.027496,140.970001,10207.62988,5922.042969,842,197.399994,39.560001,64.699997
7/6/20,274.31601,32.691345,59.150002,93.462502,142.979996,10433.65039,6429.841797,852.200012,207.360001,39.669998,64.93
7/7/20,277.971985,32.236645,61.09,93.172501,142.850006,10343.88965,6438.644531,863,199.360001,39.220001,63.919998
7/8/20,273.175995,31.971399,61.580002,95.342499,143.270004,10492.5,6606.776367,850.799988,202.25,38.68,63.139999
7/9/20,278.855988,31.69668,64.970001,95.682503,142.490005,10547.75,6793.624512,881.599976,196.830002,37.810001,61.279999
7/10/20,308.929993,32.047184,62.610001,95.919998,142.369995,10617.44043,6733.387207,881.599976,205.559998,39.380001,62.650002
7/13/20,299.411987,33.354458,71.779999,95.477501,145.210007,10390.83984,6867.527344,874,208.880005,39.759998,62.619999
7/14/20,303.359985,33.373405,75.040001,97.057503,147.919998,10488.58008,6791.129395,879,214.009995,40.439999,63.700001
7/15/20,309.201996,33.837582,80.220001,97.724998,148.259995,10550.49023,7271.78125,900.599976,216.899994,40.900002,64.580002
7/16/20,300.127991,33.723904,81.809998,96.522499,149.25,10473.83008,7176.414551,905,214.669998,40.959999,64.989998
7/17/20,300.167999,34.339649,94.849998,96.327499,149.350006,10503.19043,7334.098633,915.400024,211.410004,41.169998,65.360001
7/20/20,328.600006,34.576477,82.68,98.357498,149.600006,10767.08984,7302.089355,905.200012,211.710007,40.220001,63.91
7/21/20,313.671997,34.756462,80.860001,97,149.740005,10680.36035,6865.493164,901.400024,212.020004,40.860001,64.519997
7/22/20,318.466003,36.527916,83.224998,97.272499,150.009995,10706.12988,6859.083008,910.799988,206,41.16,63.779999
7/23/20,302.614014,36.385818,75.330002,92.845001,149.610001,10461.41992,6971.091797,915.599976,203.020004,42.259998,63.790001
7/24/20,283.399994,35.675343,73.209999,92.614998,148.119995,10363.17969,6845.037598,902,201.470001,42.09,63.34
7/27/20,307.920013,35.561668,79.910004,94.809998,147.179993,10536.26953,6842.427734,901,203.020004,42.130001,62.57
7/28/20,295.298004,36.963673,81.489998,93.252502,146.830002,10402.08984,6642.109863,910.200012,201.619995,42.59,63.27
7/29/20,299.821991,37.191025,79.510002,95.040001,146.539993,10542.94043,7116.804199,891.799988,202.580002,42.919998,64.220001
7/30/20,297.497986,36.698429,77.629997,96.190002,146.839996,10587.80957,null,893.599976,199.529999,43.360001,64
7/31/20,286.152008,36.452129,74.099998,106.260002,145.759995,10745.26953,7257.665039,884,197.960007,42.830002,62.939999
8/3/20,297,36.328983,77.980003,108.9375,147.350006,10902.79981,7189.424805,895.599976,199.389999,42.93,63.860001
8/4/20,297.399994,36.366875,78.459999,109.665001,147.220001,10941.16992,6881.958496,885.400024,201.639999,42.720001,64.980003
8/5/20,297.003998,36.423714,75.800003,110.0625,148.399994,10998.40039,6880.323242,895.400024,204.520004,43.34,64.400002
8/6/20,297.915985,36.253197,73.760002,113.902496,147.550003,11108.07031,7117.20752,887.799988,204.25,43.549999,64.120003
8/7/20,290.541992,36.423714,74.099998,111.112503,148.600006,11010.98047,7429.724609,900,208.270004,44.029999,64.959999
8/10/20,283.713989,36.366875,72.010002,112.727501,148.029999,10968.36035,7550.900879,889.599976,209.380005,44.490002,65.709999
8/11/20,274.877991,35.798492,68.970001,109.375,146.970001,10782.82031,7569.936035,893.200012,211.059998,44.389999,65.260002
8/12/20,310.951996,36.310036,69.519997,113.010002,149.660004,11012.24023,7679.867188,880,212.130005,44.450001,64.989998
8/13/20,324.200012,36.158466,67.830002,115.010002,148,11042.5,7795.601074,877.200012,208.389999,44.43,64.699997
8/14/20,330.141998,36.054264,69.150002,114.907501,148.240005,11019.29981,7807.058594,875,207.970001,44.59,65.669998
8/17/20,367.127991,36.328983,69.760002,114.607498,148.990005,11129.73047,8801.038086,888,203.070007,44.389999,64.900002
8/18/20,377.417999,36.338455,67.029999,115.5625,150.089996,11210.83984,8658.553711,905,201.309998,44.310001,65.18
8/19/20,375.705994,36.243725,68,115.707497,150.389999,11146.45996,8864.766602,898.400024,203.020004,44.060001,65.279999
8/20/20,400.365997,36.679482,67.809998,118.275002,151.419998,11264.9502,8988.59668,904.200012,201.850006,43.490002,63.720001
8/21/20,409.996002,36.831051,66.449997,124.370003,152.759995,11311.79981,8897.46875,894.400024,202.429993,43.59,63.939999
8/24/20,402.839996,36.793159,64.879997,125.857498,152.149994,11379.71973,8912.654297,884,207.339996,44.450001,63.869999
8/25/20,404.667999,36.385818,66.25,124.824997,152.059998,11466.46973,9003.070313,882.599976,206,44.299999,63.470001
8/26/20,430.634003,36.044792,70.5,126.522499,152.300003,11665.05957,9268.761719,880,207.220001,44.48,62.700001
8/27/20,447.75,35.864803,68.029999,125.010002,152.979996,11625.33984,9951.518555,901.599976,210.149994,44.720001,63.389999
8/28/20,442.679993,35.91217,67.489998,124.807503,153.639999,11695.62988,9842.666016,884.599976,207.710007,44.900002,63.209999
8/31/20,498.320007,35.798492,64.889999,129.039993,153.410004,11775.45996,9593.896484,848.200012,204.869995,44.759998,62.119999
9/1/20,475.049988,34.936451,63.32,134.179993,151.520004,11939.66992,8756.430664,866,205.460007,45.139999,60.279999
9/2/20,447.369995,35.239586,64.720001,131.399994,153.830002,12056.44043,8601.795898,848.400024,210.039993,45.740002,60.91
9/3/20,407,34.481747,64.839996,120.879997,149.550003,11458.09961,8804.477539,868,207.559998,45.810001,60.450001
9/4/20,418.320007,34.443851,62.599998,120.959999,148.589996,11313.12988,9269.987305,861,210.940002,46.490002,60.240002
9/8/20,330.209991,34.036514,54.34,112.82,147.259995,10847.69043,9733.72168,861.400024,202.479996,45.220001,59.529999
9/9/20,366.279999,34.273338,56.900002,117.32,149.699997,11141.55957,9328.197266,856.200012,202.220001,46.049999,59.529999
9/10/20,371.339996,33.771271,57.560001,113.489998,146.910004,10919.58984,9377.013672,856.200012,200.009995,46.02,58
9/11/20,372.720001,34.169136,59.34,112,147.779999,10853.54981,9670.739258,869.599976,200.919998,46.889999,57.400002
9/14/20,419.619995,35.059601,63.669998,115.355003,148.350006,11056.65039,9726.575195,861.400024,201.339996,47.5,57.970001
9/15/20,449.76001,35.012234,66.879997,115.540001,148.889999,11190.32031,9729.038086,856.599976,198,47.470001,57
9/16/20,441.76001,34.841721,68.839996,112.129997,148.399994,11050.46973,9522.981445,854.799988,200.679993,47.66,57.48
9/17/20,423.429993,34.879612,67.889999,110.339996,147.169998,10910.28027,9081.761719,860,194.830002,47.77,58.41
9/18/20,442.149994,34.699623,69.870003,106.839996,149.179993,10793.28027,9182.577148,880,194.860001,47.639999,59.57
9/21/20,449.390015,34.121773,69.260002,110.080002,145.100006,10778.79981,9209.287109,864,194,46.509998,58.869999
9/22/20,424.230011,34.339649,68.720001,111.809998,144.210007,10963.63965,8790.368164,880,191.619995,47,58.139999
9/23/20,380.359985,34.102825,67.160004,107.120003,144.440002,10632.99023,8906.93457,881.599976,186.119995,45.16,57.400002
9/24/20,387.790009,33.875473,65.169998,108.220001,144.669998,10672.26953,8835.052734,887.599976,195.110001,45.470001,56.709999
9/25/20,407.339996,34.150188,69.470001,112.279999,145.660004,10913.55957,9181.017578,875.400024,194.949997,46.080002,57.32
9/28/20,421.200012,34.472271,70.550003,114.959999,147.110001,11117.53027,9525.750977,930,199.070007,46.5,57.939999
9/29/20,419.070007,34.263866,70.519997,114.089996,147.059998,11085.25,9439.124023,940.599976,196.789993,45.98,57.540001
9/30/20,429.01001,34.765938,70.75,115.809998,148.880005,11167.50977,9700.414063,948,200.970001,46.490002,58.400002
10/1/20,448.160004,34.453327,70.029999,116.790001,147.320007,11326.50977,9461.058594,955,198.550003,46.599998,57.84
10/2/20,415.089996,34.462799,68.809998,113.019997,146.240005,11075.01953,10167.26856,985.200012,199.899994,46.740002,57.830002
10/5/20,425.679993,34.813301,71.949997,116.5,148.229996,11332.49023,9529.803711,993.400024,201.800003,47.779999,58.950001
10/6/20,413.980011,34.263866,71.040001,113.160004,146.259995,11154.59961,9656.717773,1000,201.089996,47.599998,58.23
10/7/20,425.299988,34.548058,72.370003,115.080002,147.880005,11364.59961,9800.636719,1050,203.600006,48.310001,59.419998
10/8/20,425.920013,34.945923,72.93,114.970001,148.889999,11420.98047,9665.533203,1026.5,207.979996,48.849998,60.470001
10/9/20,434,34.851192,73,116.970001,150.970001,11579.94043,9653.679688,1051,207.539993,48.970001,59.400002
10/12/20,442.299988,34.879612,75.309998,124.400002,151.839996,11876.25977,9758.852539,1039,214.119995,49.990002,59.720001
10/13/20,446.649994,34.955395,78.290001,121.099998,148.360001,11863.90039,9771.489258,1027,210.809998,48.830002,59.119999
10/14/20,461.299988,34.917503,76.559998,121.190002,148.100006,11768.73047,9795.700195,1021,211.229996,48.849998,58.509998
10/15/20,448.880005,34.62384,75.580002,120.709999,147.190002,11713.87012,9870.094727,1004.5,208.600006,49.939999,59.32
10/16/20,439.670013,35.950062,73.940002,119.019997,148.100006,11671.55957,9321.78125,985.599976,206.210007,49.790001,59.59
10/19/20,430.829987,35.807964,70.959999,115.980003,144.320007,11478.87988,9480.84375,969.599976,205.690002,50.310001,58.779999
10/20/20,421.940002,35.514301,71.309998,117.510002,144.550003,11516.49023,9475.277344,974.400024,208.029999,50.869999,59.43
10/21/20,422.640015,35.125912,68.370003,116.870003,143.929993,11484.69043,9386.788086,966.599976,202.910004,50.810001,59.23
10/22/20,425.790009,35.457466,70.839996,115.75,145.080002,11506.00977,9450.702148,953.200012,205.399994,51.68,59.48
10/23/20,420.630005,36.167942,70.529999,115.040001,145.240005,11548.28027,9538.024414,944,205.039993,51.869999,60.25
10/26/20,420.279999,35.921642,70.239998,115.050003,143.970001,11358.94043,9480.254883,973,201.139999,51.189999,59.560001
10/27/20,424.679993,35.457466,70.669998,116.599998,143.149994,11431.34961,9411.84082,1014.5,195.679993,50.360001,58.150002
10/28/20,406.019989,33.58181,65.739998,111.199997,138.360001,11004.87012,9288.018555,1021,189.770004,49.52,56.57
10/29/20,410.829987,33.420769,71.279999,115.32,137.190002,11185.58984,9332.34082,1030.5,189.940002,49.919998,55.93
10/30/20,388.040009,33.610229,67.470001,108.860001,137.110001,10911.58984,9303.629883,1048,189.039993,46.240002,56.09
11/2/20,400.51001,34.320705,67.110001,108.769997,138.690002,10957.61035,9648.717773,1070,190.199997,48.560001,58.080002
11/3/20,423.899994,34.28281,69.080002,110.440002,138.5,11160.57031,9629.658203,1069,197.929993,47.900002,59.450001
11/4/20,420.980011,35.362736,69.809998,114.949997,139.399994,11590.78027,9313.610352,1061.5,197.869995,46.509998,60.369999
11/5/20,438.089996,34.472271,71.480003,119.029999,139.759995,11890.92969,9264.813477,1079.5,202.960007,47.91,61.41
11/6/20,429.950012,34.481747,72.449997,118.690002,142.25,11895.23047,9162.917969,1130.5,201.259995,48.27,64.949997
11/9/20,421.26001,37.134186,77.739998,116.32,146.080002,11713.78027,9045.390625,1117.5,214.929993,49.290001,67.529999
11/10/20,410.359985,36.64159,76.050003,115.970001,148.279999,11553.86035,9143.582031,1110,217.470001,50.150002,70.230003
11/11/20,417.130005,36.471077,82.440002,119.489998,147.800003,11786.42969,9190.854492,1095,218.050003,50.09,69.510002
11/12/20,411.76001,35.57114,87.809998,119.209999,148.300003,11709.58984,9137.993164,1096.5,214.509995,49.330002,69.389999
11/13/20,408.5,36.584751,89.389999,119.260002,149.899994,11829.29004,9228.325195,1080.5,219.080002,49.860001,71
11/16/20,408.089996,35.362736,97.949997,120.300003,150.850006,11924.12988,9123.410156,1102.5,222.380005,50.41,73.470001
11/17/20,441.609985,36.040001,93.150002,119.389999,149.350006,11899.33984,9087.303711,1136,224.649994,50.16,67.139999
11/18/20,486.640015,36.32,88.889999,118.029999,147.369995,11801.59961,9132.488281,1125,224.300003,49.27,66.349998
11/19/20,499.269989,36.189999,92.769997,118.639999,147.139999,11904.70996,9073.942383,1063,224.570007,48.919998,66.059998
11/20/20,489.609985,36.700001,97.610001,117.339996,146.360001,11854.96973,9375.474609,1092.5,223.350006,48.610001,66.389999
11/23/20,521.849976,36.52,101.029999,113.849998,143.869995,11880.62988,9252.277344,1099.5,228.830002,48.810001,66.779999
11/24/20,555.380005,36.599998,98.559998,115.169998,143.869995,12036.79004,9428.333008,1126.5,237.5,50.560001,68.43
11/25/20,574,36.529999,109.18,116.029999,143.679993,12094.40039,9277.967773,1124,236.539993,50.5,67.629997
11/27/20,585.76001,37.23,127.029999,116.589996,144,12205.84961,9278.807617,1119,235.399994,50.450001,67.870003
11/30/20,567.599976,38.310001,152.740005,119.050003,144.679993,12198.74023,9240.34668,1064,230.580002,49.77,67.790001
12/1/20,584.76001,39.41,141.009995,122.720001,147.449997,12355.11035,9276.5,1054,232.080002,50.110001,67.540001
12/2/20,568.820007,40.799999,143,123.080002,148.139999,12349.37012,9243.614258,1035.5,237.649994,49.490002,69.629997
12/3/20,593.380005,40.09,157.259995,122.940002,149,12377.17969,9243.213867,1039.5,235.470001,49.810001,72.519997
12/4/20,599.039978,40.34,152.520004,122.25,150.270004,12464.23047,9192.836914,1048,239.580002,50.57,74.5
12/7/20,641.76001,41.25,159.520004,123.75,148.970001,12519.9502,9132.227539,1056.5,238.449997,50.040001,73.629997
12/8/20,649.880005,42.560001,169.860001,124.379997,151.550003,12582.76953,9151.392578,1072.5,238.839996,50.360001,73.860001
12/9/20,604.47998,41.849998,156.589996,121.779999,153.100006,12338.9502,9159.040039,1070,242.820007,49.84,73.529999
12/10/20,627.070007,41.73,155.690002,123.239998,152.25,12405.80957,9185.817383,1076,244.399994,49.200001,72.209999
12/11/20,609.98999,41.119999,156.929993,122.410004,152.949997,12377.87012,9164.231445,1065,239.990005,49.810001,71.580002
12/14/20,639.830017,39.209999,155.070007,121.779999,149.070007,12440.04004,9374.887695,1082,237.789993,48.689999,69.720001
12/15/20,633.25,38.709999,147.220001,127.879997,150.570007,12595.05957,9525.363281,1107,242.429993,49.57,69.889999
12/16/20,622.77002,37.84,137.029999,127.809998,149.669998,12658.19043,9581.072266,1110.5,243.770004,49.200001,69.32
12/17/20,655.900024,38.029999,144,128.699997,153.619995,12764.75,9536.892578,1125.5,244.429993,49.380001,69.589996
12/18/20,695,37.68,140.229996,126.654999,154.509995,12755.63965,9677.113281,1167.5,242.130005,49.68,69.550003
12/21/20,649.859985,37.380001,138.300003,128.229996,153.020004,12742.51953,9905.166992,1189.5,256.980011,49.369999,68.709999
12/22/20,640.340027,36.740002,125.879997,131.880005,152.720001,12807.91992,10990.87305,1271,250.089996,48.73,67.220001
12/23/20,645.97998,37.439999,130.339996,130.960007,151.940002,12771.11035,10912.82324,1272.5,256.450012,49.349998,68.010002
12/24/20,661.77002,37.27,123.389999,131.970001,152.470001,12804.73047,11100.46777,1243.5,256.160004,49.439999,67.970001
12/28/20,663.690002,36.82,111.400002,136.690002,153.190002,12899.41992,11111.21387,1314,259.589996,49.700001,68.080002
12/29/20,665.98999,37.049999,114.389999,134.869995,154.139999,12850.21973,11323.4668,1294.5,258.01001,49.450001,67.900002
12/30/20,694.780029,36.740002,111.129997,133.720001,156.050003,12870,11759.59277,1324.5,259.450012,49.91,67.75
12/31/20,705.669983,36.810001,104.470001,132.690002,157.380005,12888.28027,11053.61426,1355,263.709991,50.41,68.300003
1/4/21,729.77002,36.810001,111.730003,129.410004,156.5,12698.4502,11246.34863,1351.5,265,49.869999,69.989998
1/5/21,735.109985,37.189999,109.18,131.009995,158.339996,12818.95996,11205.89258,1295,270.929993,50.84,70.459999
1/6/21,755.97998,36.869999,116.260002,126.599998,159.830002,12740.79004,11747.02246,1271.5,285.549988,52.900002,72.559998
1/7/21,816.039978,37.060001,115.089996,130.919998,160.369995,13067.48047,11779.77344,1209,291.649994,52.43,73.989998
1/8/21,880.02002,37.130001,112.75,132.050003,160.039993,13201.98047,11601.47266,1188,290.079987,52.57,74.860001
1/11/21,811.190002,37.77,117.260002,128.979996,159.369995,13036.42969,11754.0459,1171.5,293.829987,52.040001,76.07
1/12/21,849.440002,37.18,124.550003,128.800003,158.130005,13072.42969,11675.73926,1163,302.209991,51.400002,76.260002
1/13/21,854.409973,36.860001,124.059998,130.889999,157.889999,13128.9502,11878.11133,1193.5,302.940002,51.77,74.919998
1/14/21,845,36.75,129.720001,128.910004,160.649994,13112.63965,11410.52539,1224.5,307.869995,52.869999,75.050003
1/15/21,826.159973,36.700001,129.649994,127.139999,160.300003,12998.5,11584.93457,1242,301.01001,52.200001,76.260002
1/19/21,844.549988,36.73,125.010002,127.830002,162.779999,13197.17969,11784.1377,1253.5,294.200012,53.099998,75.400002
1/20/21,850.450012,36.5,125.139999,132.029999,162.380005,13457.25,11768.87109,1244,290.470001,53.5,75.25
1/21/21,844.98999,36.48,132.979996,136.869995,161.729996,13530.91016,11865.69824,1212,289.369995,52.790001,74.080002
1/22/21,846.640015,36.549999,131.020004,139.070007,163.550003,13543.05957,11892.80371,1160,289.390015,52.82,74.120003
1/25/21,880.799988,37.279999,147,142.919998,165.979996,13635.99023,12254.40234,1197,283.040009,53.09,73.209999
1/26/21,883.090027,37.310001,151.929993,143.160004,170.479996,13626.05957,11991.2334,1167,281.76001,52.18,74.230003
1/27/21,864.159973,36.240002,155.729996,142.059998,167.880005,13270.59961,11758.2832,1190,273.329987,49.580002,72.419998
1/28/21,835.429993,35.860001,159.550003,137.089996,169.160004,13337.16016,11878.37207,1194,275.019989,51.009998,72.610001
1/29/21,793.530029,35.900002,173.160004,131.960007,163.130005,13070.69043,11592.48926,1173,271.170013,50.009998,71.650002
2/1/21,839.809998,35.799999,157.479996,134.139999,162.710007,13403.38965,11681.8252,1145.5,274.730011,50.48,71.459999
2/2/21,872.789978,34.990002,158.580002,134.990005,161.25,13612.78027,11664.84766,1147.5,286.970001,50.939999,71.830002
2/3/21,854.690002,34.84,165.860001,133.940002,160.5,13610.54004,11774.5957,1098,288.549988,51.439999,73.239998
2/4/21,849.98999,34.889999,173.309998,137.389999,161.990005,13777.74023,11366.13477,1047,293.75,52.52,73
2/5/21,852.22998,34.919998,176.240005,136.759995,164.449997,13856.29981,11488.36328,1016.5,293.5,53.299999,72.18
2/8/21,863.419983,34.82,185.979996,136.910004,164.919998,13987.63965,11323.39746,1036,300.149994,53.650002,72.980003
2/9/21,849.460022,34.970001,179.520004,136.009995,166.270004,14007.7002,11542.5,1042,300.459991,54.48,73.489998
2/10/21,804.820007,34.740002,179.339996,135.389999,166.809998,13972.53027,11506.86523,1058,304.279999,54.459999,73.830002
2/11/21,811.659973,34.43,183.440002,135.130005,166.059998,14025.76953,11711.50586,1033.5,302.320007,54.919998,73.599998
2/12/21,816.119995,34.720001,183.740005,135.369995,166.580002,14095.46973,11680.82031,1031,306.320007,55.720001,74.209999
2/16/21,796.219971,34.689999,178.529999,133.190002,165.070007,14047.5,11970.47852,1003,311.959991,56.049999,70.529999
2/17/21,798.150024,34.889999,176.759995,130.839996,165.660004,13965.49023,11414.03418,1019,312.73999,55.919998,72.709999
2/18/21,787.380005,34.560001,169.570007,129.710007,165.740005,13865.36035,10245.29688,983.400024,309.899994,55.82,71.519997
2/19/21,781.299988,34.439999,174.740005,129.869995,162.979996,13874.45996,10511.81348,995,315.619995,56.119999,70.419998
2/22/21,714.5,34.259998,159.369995,126,161.869995,13533.04981,10169.56738,988.599976,316.869995,56.849998,70.480003
2/23/21,698.840027,33.91,150.169998,125.860001,160.440002,13465.2002,10280.35156,1010,319.209991,57.02,69.639999
2/24/21,742.02002,33.75,144.789993,125.349998,162.589996,13597.96973,10369.56348,998,330.640015,58.48,70.400002
2/25/21,682.219971,33.82,148.380005,120.989998,162.759995,13119.42969,10131.5166,1001,327.76001,57.349998,69.330002
2/26/21,675.5,33.490002,154.809998,121.260002,158.460007,13192.34961,10242.34766,967.799988,319.480011,56.580002,68.129997
3/1/21,718.429993,33.689999,157.399994,127.790001,159.320007,13588.83008,10363.13867,920.400024,329.920013,57.299999,69.279999
3/2/21,686.440002,33.509998,146.809998,125.120003,159.020004,13358.79004,10400.91504,920,330.940002,57.369999,68.940002
3/3/21,653.200012,34.389999,131.220001,122.059998,156.220001,12997.75,10442.1709,900,334.429993,57.119999,69.029999
3/4/21,621.440002,34.200001,132.300003,120.129997,153.070007,12723.46973,10323.75586,905.400024,329.290009,55.490002,69.169998
3/5/21,597.950012,34.389999,132.190002,121.419998,156.100006,12920.15039,10680.83789,961.799988,327.369995,57.59,70.629997
3/8/21,563,34.349998,123.470001,116.360001,157.399994,12609.16016,10796.95117,955.799988,334.190002,57.759998,71.730003
3/9/21,673.580017,34.450001,130.869995,121.084999,157.699997,13073.82031,10974.90527,976.400024,330.589996,57.990002,71.230003
3/10/21,668.059998,34.93,129.75,119.980003,159.149994,13068.83008,10948.99023,963,342.019989,58.389999,72.699997
3/11/21,699.599976,34.709999,140.470001,121.959999,159.139999,13398.66992,10944.58594,967.599976,342.100006,58.59,72.349998
3/12/21,693.72998,34.939999,136.990005,121.029999,159.600006,13319.86035,11094.34668,992.400024,348.809998,58.25,73.919998
3/15/21,707.940002,35.41,143.660004,123.989998,160.419998,13459.70996,10938.27148,956.799988,346.049988,58.299999,74.970001
3/16/21,676.880005,35.830002,156.020004,125.57,161.369995,13471.57031,10462.25977,946.400024,341.709991,57.779999,75.07
3/17/21,701.809998,35.790001,147.550003,124.760002,160.770004,13525.2002,10538.45996,973,344.950012,57.700001,74.010002
3/18/21,653.159973,35.77,141.460007,120.529999,160.470001,13116.16992,10225.86426,985.799988,348,57.610001,74.480003
3/19/21,654.869995,35.529999,143.740005,119.989998,160.039993,13215.24023,10745.54883,1014,344.200012,56.830002,73.18
3/22/21,670,36,145.600006,123.389999,160.5,13377.54004,10702.29004,983.200012,339.329987,56.43,73.470001
3/23/21,662.159973,35.360001,136.520004,122.540001,160.350006,13227.7002,10754.4375,983,331.769989,55.560001,71.900002
3/24/21,630.27002,35.610001,131.610001,120.089996,161.910004,12961.88965,10774.42676,1013.5,328.649994,55.919998,73.209999
3/25/21,640.390015,35.669998,133.330002,120.589996,161.970001,12977.67969,10721.32715,1013,330.549988,56.880001,74.07
3/26/21,618.710022,36.25,133.279999,121.209999,164.929993,13138.73047,10848.83008,998.799988,327.390015,57.91,75.959999
3/29/21,611.289978,36.619999,123.419998,121.389999,166.039993,13059.65039,10787.61816,1024.5,325.730011,57.09,76.300003
3/30/21,635.619995,36.110001,118.489998,119.900002,165.009995,13045.38965,10623.33008,1021.5,332.01001,57.900002,76.080002
3/31/21,667.929993,36.23,130.949997,122.150002,164.350006,13246.87012,10585.16406,1022,327,57,75.230003
4/1/21,661.75,36.299999,132.550003,123,162.830002,13480.11035,10565.49316,1049.5,327.640015,57.650002,74.300003
4/5/21,691.049988,36.279999,129.910004,125.900002,163.429993,13705.58984,10684.42871,1050,323.540009,57.52,75.040001
4/6/21,691.619995,36.049999,133.529999,126.209999,163.389999,13698.37988,10804.00098,1046,327.059998,58.040001,74.620003
4/7/21,670.969971,35.91,131.470001,127.900002,163.610001,13688.83984,10621.66406,1034,326.549988,57.84,74.489998
4/8/21,683.799988,35.959999,133.880005,130.360001,162.970001,13829.30957,10679.13672,1012,331.140015,58.139999,73.790001
4/9/21,677.02002,36.599998,140.919998,132.994995,161.25,13900.19043,10923.62793,1001,330.809998,58.540001,74.07
4/12/21,701.97998,36.970001,139.399994,131.240005,161.639999,13850,null,987.599976,331.839996,58.59,74.459999
4/13/21,762.320007,37.16,149.710007,134.429993,159.479996,13996.09961,11296.36133,952.400024,327.679993,57.900002,74.019997
4/14/21,732.22998,37.169998,160.029999,132.029999,159.919998,13857.83984,11384.18164,925.599976,335.350006,58.549999,75.080002
4/15/21,738.849976,37.599998,159.869995,134.5,160.389999,14038.75977,null,919.400024,338.549988,58.669998,75.779999
4/16/21,739.780029,38.57,170.809998,134.160004,162.240005,14052.33984,null,975.400024,342.309998,59.450001,75.879997
4/19/21,714.630005,38.93,161.910004,134.839996,162.690002,13914.76953,11429.50684,990.200012,343.089996,59.290001,75.75
4/20/21,718.98999,39.029999,156.779999,133.110001,166.479996,13786.26953,11495.34961,991.799988,331.880005,58.709999,75.910004
4/21/21,744.119995,39.529999,169.5,133.5,166.589996,13950.21973,11322.12305,976,335.269989,59.830002,76.699997
4/22/21,719.690002,38.639999,168.100006,131.940002,165.179993,13818.41016,11358.10156,967,330.850006,58.869999,76.18
4/23/21,729.400024,38.66,173.630005,134.320007,165.520004,14016.80957,11483.35938,902.200012,339.350006,59.41,76.050003
4/26/21,738.200012,38.68,177.610001,134.720001,164.119995,14138.78027,11742.03711,918,343.519989,59.98,75.75
4/27/21,704.73999,38.450001,183.410004,134.389999,163.179993,14090.21973,11916.33496,872,346.630005,61.82,75.110001
4/28/21,694.400024,38.810001,178.679993,133.580002,161.979996,14051.03027,12823.68945,879,348.109985,63.099998,75.400002
4/29/21,677,38.599998,175.669998,133.479996,164.199997,14082.54981,12965.8916,855.799988,352.970001,63.560001,76.370003
4/30/21,709.440002,38.650002,178.820007,131.460007,162.729996,13962.67969,12931.53906,892.400024,348.450012,63.130001,76.400002
5/3/21,684.900024,39.830002,186.020004,132.539993,165.210007,13895.12012,13108.0625,864.599976,350.160004,64.629997,77.690002
5/4/21,673.599976,39.950001,173.589996,127.849998,167.770004,13633.5,13031.17383,839.599976,349.839996,65.099998,81.120003
5/5/21,670.940002,39.970001,162.839996,128.100006,167.070007,13582.41992,13075.24805,848,357.619995,66.199997,83.040001
5/6/21,663.539978,39.189999,160.5,129.740005,167.740005,13632.83984,13654.21875,855.799988,365.970001,66.690002,83.699997
5/7/21,672.369995,39.580002,163.149994,130.210007,168.5,13752.24023,13271.28516,897,370.890015,67.019997,85.110001
5/10/21,629.039978,39.860001,158.550003,126.849998,170.270004,13401.86035,13437.88281,883.200012,368.679993,67.629997,85.849998
5/11/21,617.200012,39.349998,158.990005,125.910004,168.880005,13389.42969,13546.52246,906,359.920013,66.889999,84.370003
5/12/21,589.890015,39.689999,152.679993,122.769997,168.199997,13031.67969,13780.99512,924,354.399994,66.5,83.379997
5/13/21,571.690002,40.099998,149.869995,124.970001,169.960007,13124.99023,13737.10938,934,358.809998,67.139999,84.269997
5/14/21,589.73999,40.02,161.380005,127.449997,170.220001,13429.98047,13550.48926,937,368.769989,67.660004,84.330002
5/17/21,576.830017,40.110001,160.429993,126.269997,170.389999,13379.04981,13950.30078,909.799988,369.25,67.639999,84.559998
5/18/21,577.869995,40.049999,159.529999,124.849998,170.449997,13303.63965,14133.70703,933.599976,364.559998,67.029999,88.610001
5/19/21,563.460022,39.830002,157.990005,124.690002,170.080002,13299.74023,15579.84863,922.799988,358.380005,66.43,89.209999
5/20/21,586.780029,40.119999,165.970001,127.309998,171.070007,13535.74023,15565.88086,925.799988,359.779999,66.139999,89.07
5/21/21,580.880005,39.950001,161.449997,125.43,170.960007,13470.99023,14833.75391,872.799988,366.26001,66.980003,89.809998
5/24/21,606.440002,39.810001,164.169998,127.099998,170.550003,13661.16992,15479.56738,853,368.290009,66.620003,89.709999
5/25/21,604.690002,39.330002,169.259995,126.900002,170.080002,13657.16992,15332.31543,874.599976,364.51001,66.589996,88.699997
5/26/21,619.130005,38.919998,175.589996,126.849998,169.070007,13738,15290.90234,862,367.399994,66.489998,87.32
5/27/21,630.849976,38.650002,179.539993,125.279999,168.809998,13736.28027,15701.33984,868.400024,371.369995,66.599998,86.419998
5/28/21,625.219971,38.73,185.009995,124.610001,169.25,13748.74023,16276.34375,857.599976,372.019989,66.529999,86.440002
6/1/21,623.900024,38.5,184.660004,124.279999,165.529999,13736.48047,16317.80859,835.400024,382.440002,67.919998,85.870003
6/2/21,605.119995,38.790001,191.600006,125.059998,166.199997,13756.33008,16068.13867,841,383.440002,67.919998,85.989998
6/3/21,572.840027,38.970001,195.220001,123.540001,166.039993,13614.50977,15955.58789,868.200012,388.720001,68.25,87.059998
6/4/21,599.049988,39.150002,206.070007,125.889999,165.970001,13814.49023,16716.11133,871.799988,391.450012,68.769997,86.470001
6/7/21,605.130005,38.990002,219.570007,125.900002,164.839996,13881.71973,17645.40625,905.599976,388.160004,68.660004,86.330002
6/8/21,603.590027,38.849998,213,126.739998,163.389999,13924.91016,17804.00586,892.599976,384.700012,68.730003,85.809998
6/9/21,598.780029,39.810001,217.440002,127.129997,165.589996,13911.75,17817.08984,873,382.779999,68.110001,84.949997
6/10/21,610.119995,40.68,217,126.110001,167.080002,14020.33008,18621.31445,873.799988,373.940002,67.230003,85.5
6/11/21,609.890015,40.150002,218.850006,127.349998,164.960007,14069.41992,18642.23242,868,378.049988,66,85.470001
6/14/21,617.690002,39.630001,207.410004,130.479996,165.369995,14174.13965,18370.00195,857.799988,372.920013,65.220001,84.620003
6/15/21,599.359985,39.59,201.589996,129.639999,164.490005,14072.86035,18364.12109,867,371.299988,64.639999,85.400002
6/16/21,604.869995,39.299999,197.839996,130.149994,164.429993,14039.67969,19107.46484,870.599976,371,63.990002,84.739998
6/17/21,616.599976,39.48,202.470001,131.789993,165.220001,14161.34961,18732.12109,885.599976,361.5,61.93,84.230003
6/18/21,623.309998,38.810001,199.190002,130.460007,161.979996,14030.37988,17150.62305,895.599976,348.829987,60.66,82.400002
6/21/21,620.830017,39.419998,208.240005,132.300003,163.839996,14141.48047,17108.40234,880,357.540009,61.84,84.019997
6/22/21,623.710022,39.610001,221.360001,133.979996,163.619995,14253.26953,17717.41406,912.200012,357.529999,61.639999,83.809998
6/23/21,656.570007,39.049999,212.039993,133.699997,162.630005,14271.73047,18177.48438,915,361.049988,61.259998,83.730003
6/24/21,679.820007,39.189999,220.139999,133.410004,163.369995,14369.70996,19625.83594,916,368.75,61.689999,83.769997
6/25/21,671.869995,38.98,219.940002,133.110001,164.210007,14360.38965,18802.99805,932.200012,368.769989,61.459999,84.080002
6/28/21,688.719971,39.119999,222.940002,134.779999,164.020004,14500.50977,19201.0918,959.200012,368.709991,60.790001,84.120003
6/29/21,680.76001,39.099998,234.460007,136.330002,164.029999,14528.33008,19445.39844,939.599976,372.619995,60.599998,83.489998
6/30/21,679.700012,39.16,234.979996,136.960007,164.740005,14503.9502,18699.76563,926.599976,379.529999,60.599998,83.440002
7/1/21,677.919983,39.560001,235.110001,137.270004,165.960007,14522.37988,19154.23047,951,374.98999,60.709999,82.220001
7/2/21,678.900024,39.73,234.300003,139.960007,168.979996,14639.33008,19345.12109,947.599976,374.160004,60.630001,82.43
7/6/21,659.580017,39.290001,233.339996,142.020004,167.970001,14663.63965,19191.63086,941,369.859985,59.450001,81.18
7/7/21,644.650024,39.349998,221.899994,144.570007,169.410004,14665.05957,18321.14453,911.599976,367.670013,59.900002,81.339996
7/8/21,652.809998,39.25,232.789993,143.240005,169.080002,14559.78027,18553.91602,919.799988,358.940002,59.130001,80.220001
7/9/21,656.950012,39.610001,232.809998,145.110001,169.75,14701.91992,18264.99219,908.200012,371.76001,60.32,81.32
7/12/21,685.700012,39.759998,239.339996,144.5,169.479996,14733.24023,18058.9043,913.599976,380.5,60,81.82
7/13/21,668.539978,39.650002,235.149994,145.639999,169.270004,14677.65039,18803.65625,949.799988,375.980011,59.240002,81.660004
7/14/21,653.380005,39.950001,246.660004,149.149994,170.419998,14644.9502,19142.38281,961.599976,374.399994,58.779999,82.419998
7/15/21,650.599976,40.09,259.674988,148.479996,168.369995,14543.12988,19246.64453,944.400024,373.350006,59.02,82.07
7/16/21,644.219971,40.349998,286.429993,146.389999,168.100006,14427.24023,19417.07617,942.400024,364.799988,58.209999,81.720001
7/19/21,646.219971,40.150002,313.589996,142.449997,166.880005,14274.98047,21310.59766,932.200012,354.720001,57.450001,80.669998
7/20/21,660.5,41.049999,307.329987,146.149994,168.449997,14498.87988,22805.16211,957,364.76001,58.029999,81.800003
7/21/21,655.289978,41.02,321.109985,145.399994,169.490005,14631.9502,23137.96094,944,373.5,58.099998,83.059998
7/22/21,649.26001,41.470001,323.480011,146.800003,169.979996,14684.59961,23869.83203,931.400024,372.709991,57.41,82.629997
7/23/21,643.380005,41.68,348.829987,148.559998,171.789993,14836.99023,23477.29492,938.400024,374.049988,58.009998,83.269997
7/26/21,657.619995,41.810001,335.869995,148.990005,171.869995,14840.70996,22803.08203,934.799988,375.899994,58.439999,82.870003
7/27/21,644.780029,42.099998,328.5,146.770004,172.660004,14660.58008,23783.0293,963.200012,374.839996,58.849998,83.639999
7/28/21,646.97998,43.450001,349.320007,144.979996,172.179993,14762.58008,23241.3457,946,374.230011,58.639999,83.300003
7/29/21,677.349976,42.790001,345.640015,145.639999,172.179993,14778.25977,23735.94922,952,377.549988,59.599998,83.059998
7/30/21,687.200012,42.810001,353.600006,145.860001,172.199997,14672.67969,24664.79102,967.599976,374.880005,59.720001,82.360001
8/2/21,709.669983,43.959999,346.609985,145.520004,172.270004,14681.07031,26437.03711,983.400024,378.190002,59.360001,82.410004
8/3/21,709.73999,45.68,386.51001,147.360001,174.389999,14761.29004,26272.29492,978.400024,380.359985,59.790001,84
8/4/21,710.919983,45.189999,419.049988,146.949997,173.360001,14780.53027,27084.80859,937,377.859985,58.75,81.550003
8/5/21,714.630005,45.060001,416.26001,147.059998,173.690002,14895.12012,27362.4375,967.200012,384.299988,58.799999,80.050003
8/6/21,699.099976,45.07,413.720001,146.139999,173.110001,14835.75977,28840.95313,958.799988,397.890015,60.290001,81.25
8/9/21,713.76001,45.98,484.470001,146.089996,173.710007,14860.17969,29001.7207,972,399.880005,60.560001,81.650002
8/10/21,709.98999,48.189999,456.76001,145.600006,173.770004,14788.08984,29374.15234,995,407.970001,61.41,83.239998
8/11/21,707.820007,46.310001,385.329987,145.860001,173.800003,14765.13965,32127.26758,1016.5,413.890015,61.5,84.949997
8/12/21,722.25,47.240002,391.420013,148.889999,175.199997,14816.25977,32782.02344,1047,415,61.82,85.139999
8/13/21,717.169983,48.48,389.779999,149.100006,176.25,14822.90039,31971.91406,1047,410.779999,62.400002,84.360001
8/16/21,686.169983,48.91,373.859985,151.119995,177.839996,14793.75977,33992.42969,1048,408.350006,62.68,85.389999
8/17/21,665.710022,50.419998,401.859985,150.190002,179.470001,14656.17969,36824.36328,1028,404.970001,61.470001,86.470001
8/18/21,688.98999,49.310001,398.799988,146.360001,177.190002,14525.91016,39371.04297,1006,398.799988,60.900002,84.589996
8/19/21,673.469971,48.799999,375.529999,146.699997,178.570007,14541.79004,40797.60938,993.799988,393.570007,59.32,84.230003
8/20/21,680.26001,48.720001,382.980011,148.190002,179.440002,14714.66016,40254.54688,1001.5,395.869995,58.939999,84.849998
8/23/21,706.299988,49.93,411.890015,149.710007,177.610001,14942.65039,38356.44141,1001,401.450012,59.310001,84.599998
8/24/21,708.48999,48.380001,394.940002,149.619995,175.389999,15019.79981,35566.65625,996,408.559998,59.610001,83.809998
8/25/21,711.200012,47.509998,397.869995,148.360001,174.229996,15041.86035,33922.96094,995.200012,413.119995,60.299999,83.57
8/26/21,701.159973,47.380001,400.299988,147.539993,173.300003,14945.80957,37316.35938,989,412.410004,59.740002,83.029999
8/27/21,711.919983,46.599998,382.220001,148.600006,172.929993,15129.5,39187.32813,981.400024,419.690002,60.57,83.709999
8/30/21,730.909973,46.759998,370.690002,153.119995,173.660004,15265.88965,36825.36719,977.799988,413.600006,60.07,84.599998
8/31/21,735.719971,46.07,376.690002,151.830002,173.130005,15259.24023,36178.14063,954.200012,413.51001,60,86.389999
9/1/21,734.090027,46.040001,389.940002,152.509995,173.740005,15309.37988,35791.27734,943.400024,413.660004,59.66,85.709999
9/2/21,732.390015,46.84,397.660004,153.649994,174.929993,15331.17969,36630.07422,929.799988,414.5,60.23,86.959999
9/3/21,733.570007,46.84,416.700012,154.300003,175.039993,15363.51953,36069.80469,946.599976,411.309998,60.200001,87.470001
9/7/21,752.919983,46.75,436.390015,156.690002,172.320007,15374.33008,35547.75,944,410.320007,59.349998,86.580002
9/8/21,753.869995,46.509998,422.899994,155.110001,171.899994,15286.63965,30825.69922,888.599976,405,59.869999,86.220001
9/9/21,754.859985,46.029999,455.920013,154.070007,168.070007,15248.25,33005.76172,895.400024,404.579987,59.66,85.410004
9/10/21,736.27002,45.59,449.380005,148.970001,166.970001,15115.49023,32067.64258,877,403.480011,59.889999,83.790001
9/13/21,743,44.580002,419.720001,149.550003,165.800003,15105.58008,32289.37891,882.599976,409.26001,61.150002,84.510002
9/14/21,744.48999,44.709999,427.709991,148.119995,164.800003,15037.75977,32366.39258,897.400024,403.690002,60.380001,83.889999
9/15/21,755.830017,44.77,434.459991,149.029999,165.419998,15161.53027,32569.84961,910.799988,401.950012,62.52,85.540001
9/16/21,756.98999,44.470001,440.649994,148.789993,165.220001,15181.91992,30432.54688,917,396.679993,63,85.349998
9/17/21,759.48999,43.889999,430.049988,146.059998,164.75,15043.96973,31649.60547,904.400024,391.459991,62.389999,85.510002
9/20/21,730.169983,44.200001,423.329987,142.940002,163.809998,14713.90039,34316.38672,890,378.130005,60.52,84.580002
9/21/21,739.380005,43.919998,434.040009,143.429993,164.529999,14746.40039,34269.52344,876.200012,375.839996,60.02,83.93
9/22/21,751.940002,43.950001,440.720001,145.850006,163.929993,14896.84961,33114.35938,871.799988,385.470001,58.990002,83.860001
9/23/21,753.640015,44.189999,454.600006,146.830002,164.860001,15052.24023,33537.17578,848.799988,391.859985,60.279999,84.860001
9/24/21,774.390015,43.939999,430.140015,146.919998,164.360001,15047.7002,35510.28906,858.599976,390.850006,59.759998,84.709999
9/27/21,791.359985,43.57,408.839996,145.369995,163.169998,14969.96973,37472.08984,850.200012,399.809998,60.759998,85.739998
9/28/21,777.559998,43.040001,384.209991,141.910004,162.809998,14546.67969,36926.06641,851.400024,389.5,60.57,85.660004
9/29/21,781.309998,43.529999,378.899994,142.830002,164.020004,14512.44043,38144.30859,855,384.890015,60.779999,86.790001
9/30/21,775.47998,43.009998,384.859985,141.5,161.5,14448.58008,39266.01172,877,378.029999,60.009998,84.860001
10/1/21,775.219971,42.93,341.089996,142.649994,160.470001,14566.7002,38903.44141,851.799988,380,60.799999,84.07
10/4/21,781.530029,42.419998,325.839996,139.139999,159.220001,14255.48047,46196.46484,834,374.149994,61.16,83.809998
10/5/21,780.590027,42.32,332.109985,141.110001,159.580002,14433.83008,46481.10547,855.200012,385.809998,62.279999,83.639999
10/6/21,782.75,42.02,302.420013,142,159.910004,14501.91016,44918.18359,884.200012,388.049988,62.299999,83.150002
10/7/21,793.609985,42.740002,309.359985,143.289993,161.339996,14654.01953,47909.33203,874.400024,390.619995,63.02,84.199997
10/8/21,785.48999,42.450001,304.910004,142.899994,160.929993,14579.54004,47504.85156,887.799988,392.809998,63.290001,84.370003
10/11/21,791.940002,42.060001,305.100006,142.809998,160.25,14486.2002,47105.51563,877,385.23999,63.970001,84.279999
10/12/21,805.719971,41.849998,311.130005,141.509995,157.690002,14465.91992,48717.28906,890,386.529999,63.389999,83.790001
10/13/21,811.080017,41.419998,321.5,140.910004,159.199997,14571.63965,47945.05859,915.400024,386.309998,62.919998,83.160004
10/14/21,818.320007,41.669998,331.880005,143.759995,160.110001,14823.42969,49199.87109,914.599976,391.200012,64.169998,84.559998
10/15/21,843.030029,41.490002,324.209991,144.839996,161.300003,14897.33984,52149.00781,908,406.070007,63.950001,85.839996
10/18/21,870.109985,41.32,334.839996,146.550003,160.119995,15021.80957,51679.79688,900.599976,413.690002,63.799999,84.480003
10/19/21,864.27002,42.09,333.609985,148.759995,163.869995,15129.08984,55888.13281,899.400024,412.160004,64.540001,84.889999
10/20/21,865.799988,42.799999,333.01001,149.259995,163.779999,15121.67969,56099.51953,911,407.890015,64.839996,86.550003
10/21/21,894,42.860001,339.570007,149.479996,163.399994,15215.7002,57539.94531,925,407.589996,64.870003,86.860001
10/22/21,909.679993,43.16,326.540009,148.690002,163.720001,15090.2002,54207.32031,908,414.320007,66.220001,87.519997
10/25/21,1024.859985,43.150002,349.559998,148.639999,164.080002,15226.70996,48824.42578,934,414.75,66.629997,87.68
10/26/21,1018.429993,43.560001,345.73999,149.320007,165.75,15235.70996,49705.33203,927.799988,417.609985,65.360001,88.32
10/27/21,1037.859985,42.970001,340.880005,148.850006,163.740005,15235.83984,47093.85156,877.799988,410.98999,64.529999,88.089996
10/28/21,1077.040039,43.18,347.920013,152.570007,162.850006,15448.12012,46339.76172,874.599976,414.820007,64.839996,88.620003
10/29/21,1114,43.740002,345.209991,149.800003,162.880005,15498.38965,46188.45313,876.200012,413.350006,64.239998,89.279999
11/1/21,1208.589966,43.639999,337.170013,148.960007,163.020004,15595.91992,45137.76953,879.200012,416.700012,63.610001,90.650002
11/2/21,1172,45.450001,348.640015,150.020004,165.589996,15649.59961,49631.24219,872.400024,423.850006,63.369999,91.150002
11/3/21,1213.859985,44.82,345.920013,151.490005,165.059998,15811.58008,48378.98828,875.400024,417.899994,64.900002,96.339996
11/4/21,1229.910034,43.849998,284.019989,150.960007,164.600006,15940.30957,50538.24219,887.599976,408.070007,64.230003,94.489998
11/5/21,1222.089966,48.610001,236.990005,151.279999,163.429993,15971.58984,48561.16797,902,407.079987,64.489998,93.779999
11/8/21,1162.939941,48.330002,244.679993,150.440002,162.869995,15982.36035,48927.30469,890.799988,408.339996,63.799999,93.760002
11/9/21,1023.5,47.299999,236.850006,150.809998,162.509995,15886.54004,48912.38281,880.400024,405.350006,64.43,92.760002
11/10/21,1067.949951,49.02,228.960007,147.919998,164.270004,15622.70996,51206.69141,867.200012,399.119995,65.389999,92.959999
11/11/21,1063.51001,50.18,225.820007,147.869995,163.059998,15704.28027,52246.52344,860.400024,402.339996,66.139999,94.209999
11/12/21,1033.420044,49.73,231.190002,149.990005,165.009995,15860.95996,54824.11719,848.400024,404.910004,65.93,94.019997
11/15/21,1013.390015,49.650002,235.070007,150,163.520004,15853.84961,56008.55078,844.599976,404.809998,66.949997,93.489998
11/16/21,1054.72998,49.599998,234.279999,151,162.669998,15973.86035,57805.12109,831.599976,403.089996,66.400002,92.889999
11/17/21,1089.01001,50.869999,242.229996,153.490005,163.279999,15921.57031,57332.08984,831.200012,391.549988,65.660004,92.730003
11/18/21,1096.380005,51.41,251.410004,157.869995,162.399994,15993.70996,61243.08594,871.799988,391.369995,66.589996,95.339996
11/19/21,1137.060059,50.799999,263.779999,160.550003,162.889999,16057.44043,59302.31641,867,387.390015,65.339996,93.160004
11/22/21,1156.869995,51.200001,282.690002,161.020004,159.699997,15854.75977,55907.19922,846.200012,396.160004,66.419998,92.989998
11/23/21,1109.030029,51.080002,276.380005,161.410004,160.690002,15775.13965,56804.90234,844.799988,406.339996,66.75,93.639999
11/24/21,1116,50.889999,273.390015,161.940002,160.240005,15845.23047,58870.89453,853.400024,399.190002,66.32,92.650002
11/26/21,1081.920044,54,329.630005,156.809998,159.199997,15491.66016,57858.92188,816.400024,389.390015,64.400002,91.519997
11/29/21,1136.98999,52.400002,368.51001,160.240005,159.75,15782.83008,58346.65234,792.599976,386.540009,64.809998,92.019997
11/30/21,1144.76001,53.73,352.429993,165.300003,155.929993,15537.69043,58313.64453,818,380.98999,62.209999,89.059998
12/1/21,1095,54.68,310.609985,164.770004,158.080002,15254.04981,57523.42188,844,376.480011,61.82,88.779999
12/2/21,1084.599976,53.040001,301.48999,163.759995,157.089996,15381.32031,54529.14453,835.599976,387.540009,62.400002,89.989998
12/3/21,1014.969971,54.27,306.720001,161.839996,159.380005,15085.46973,54738.94531,835.599976,382.730011,62.529999,90.870003
12/6/21,1009.01001,51.48,265.329987,165.320007,162.940002,15225.15039,52774.26563,825,389.299988,63.110001,92.650002
12/7/21,1051.75,51.720001,282.350006,171.179993,163.360001,15686.91992,51704.16016,,400.109985,64.160004,92.93
12/8/21,1068.959961,51.400002,283.399994,175.080002,164.339996,15786.99023,55137.3125,,397.320007,64.129997,93.099998
12/9/21,1003.799988,52.080002,272.209991,174.559998,165.899994,null,55973.51172,,396.48999,63.279999,97.309998
12/10/21,1017.030029,52.779999,257.059998,179.449997,165.490005,15630.60059,55950.74609,,391.059998,63.450001,98.860001